bed,aimedat,average,,min 50 darts at double
d9,d9,95.32,,
d9,d9,95.32,,
d9,d9,95.32,,
d9,d9,95.32,,
d9,d9,95.32,,
d9,d9,95.32,,
d9,d9,95.32,,
d9,d9,95.32,,
d9,d9,95.32,,
d9,d9,95.32,,
d9,d9,95.32,,
d9,d9,95.32,,
d9,d9,95.32,,
d9,d9,95.32,,
d9,d9,95.32,,
d9,d9,95.32,,
d9,d9,95.32,,
d9,d9,95.32,,
d9,d9,95.32,,
d9,d9,95.32,,
d9,d9,95.32,,
d9,d9,95.32,,
d9,d9,95.32,,
d9,d9,95.32,,
d9,d9,95.32,,
d9,d9,95.32,,
d9,d9,95.32,,
d9,d9,95.32,,
d9,d9,95.32,,
d9,d9,95.32,,
d9,d9,95.32,,
d9,d9,95.32,,
d9,d9,95.32,,
d9,d9,95.32,,
d9,d9,95.32,,
d9,d9,95.32,,
d9,d9,95.32,,
d9,d9,95.32,,
d9,d9,95.32,,
d9,d9,95.32,,
o9,d9,95.32,,
o9,d9,95.32,,
o9,d9,95.32,,
o9,d9,95.32,,
o9,d9,95.32,,
o9,d9,95.32,,
o9,d9,95.32,,
o9,d9,95.32,,
o9,d9,95.32,,
o9,d9,95.32,,
o9,d9,95.32,,
o9,d9,95.32,,
o9,d9,95.32,,
o9,d9,95.32,,
m9,d9,95.32,,
m9,d9,95.32,,
m9,d9,95.32,,
m9,d9,95.32,,
m9,d9,95.32,,
m9,d9,95.32,,
m9,d9,95.32,,
m9,d9,95.32,,
m9,d9,95.32,,
m9,d9,95.32,,
m9,d9,95.32,,
m9,d9,95.32,,
d9,d9,95.7,,
d9,d9,95.7,,
d9,d9,95.7,,
d9,d9,95.7,,
d9,d9,95.7,,
d9,d9,95.7,,
d9,d9,95.7,,
d9,d9,95.7,,
d9,d9,95.7,,
d9,d9,95.7,,
d9,d9,95.7,,
d9,d9,95.7,,
d9,d9,95.7,,
d9,d9,95.7,,
d9,d9,95.7,,
d9,d9,95.7,,
d9,d9,95.7,,
d9,d9,95.7,,
d9,d9,95.7,,
d9,d9,95.7,,
d9,d9,95.7,,
d9,d9,95.7,,
d9,d9,95.7,,
d9,d9,95.7,,
d9,d9,95.7,,
d9,d9,95.7,,
d9,d9,95.7,,
d9,d9,95.7,,
d9,d9,95.7,,
d9,d9,95.7,,
d9,d9,95.7,,
d9,d9,95.7,,
d9,d9,95.7,,
d9,d9,95.7,,
d9,d9,95.7,,
d9,d9,95.7,,
d9,d9,95.7,,
d9,d9,95.7,,
d9,d9,95.7,,
d9,d9,95.7,,
d9,d9,95.7,,
d9,d9,95.7,,
d9,d9,95.7,,
d9,d9,95.7,,
d9,d9,95.7,,
d9,d9,95.7,,
d9,d9,95.7,,
d9,d9,95.7,,
d9,d9,95.7,,
d9,d9,95.7,,
d9,d9,95.7,,
d9,d9,95.7,,
d9,d9,95.7,,
d9,d9,95.7,,
d9,d9,95.7,,
d9,d9,95.7,,
d9,d9,95.7,,
d9,d9,95.7,,
d9,d9,95.7,,
d9,d9,95.7,,
d9,d9,95.7,,
d9,d9,95.7,,
d9,d9,95.7,,
d9,d9,95.7,,
d9,d9,95.7,,
d9,d9,95.7,,
d9,d9,95.7,,
d9,d9,95.7,,
d9,d9,95.7,,
d9,d9,95.7,,
d9,d9,95.7,,
d9,d9,95.7,,
d9,d9,95.7,,
d9,d9,95.7,,
d9,d9,95.7,,
d9,d9,95.7,,
d9,d9,95.7,,
d9,d9,95.7,,
d9,d9,95.7,,
d9,d9,95.7,,
d9,d9,95.7,,
d9,d9,95.7,,
d9,d9,95.7,,
d9,d9,95.7,,
o9,d9,95.7,,
o9,d9,95.7,,
o9,d9,95.7,,
o9,d9,95.7,,
o9,d9,95.7,,
o9,d9,95.7,,
o9,d9,95.7,,
o9,d9,95.7,,
o9,d9,95.7,,
o9,d9,95.7,,
o9,d9,95.7,,
o9,d9,95.7,,
o9,d9,95.7,,
o9,d9,95.7,,
o9,d9,95.7,,
o9,d9,95.7,,
o9,d9,95.7,,
o9,d9,95.7,,
o9,d9,95.7,,
o9,d9,95.7,,
m9,d9,95.7,,
m9,d9,95.7,,
m9,d9,95.7,,
m9,d9,95.7,,
m9,d9,95.7,,
m9,d9,95.7,,
m9,d9,95.7,,
m9,d9,95.7,,
m9,d9,95.7,,
m9,d9,95.7,,
m9,d9,95.7,,
m9,d9,95.7,,
m9,d9,95.7,,
m9,d9,95.7,,
m9,d9,95.7,,
m9,d9,95.7,,
m9,d9,95.7,,
m9,d9,95.7,,
m9,d9,95.7,,
m9,d9,95.7,,
m9,d9,95.7,,
m9,d9,95.7,,
m9,d9,95.7,,
m9,d9,95.7,,
o12,d9,95.7,,
d12,d9,95.7,,
d12,d9,95.7,,
d12,d9,95.7,,
o14,d9,95.7,,
d14,d9,95.7,,
d12,d9,95.7,,
d14,d9,95.7,,
d14,d9,95.7,,
o14,d9,95.7,,
d14,d9,95.7,,
o12,d9,95.7,,
d14,d9,95.7,,
o12,d9,95.7,,
o12,d9,95.7,,
o12,d9,95.7,,
o12,d9,95.7,,
d12,d9,95.7,,
o12,d9,95.7,,
d12,d9,95.7,,
o12,d9,95.7,,
d12,d9,95.7,,
o14,d9,95.7,,
d12,d9,95.7,,
d14,d9,95.7,,
o14,d9,95.7,,
d14,d9,95.7,,
o14,d9,95.7,,
d12,d9,95.7,,
d12,d9,95.7,,
d14,d9,95.7,,
d12,d9,95.7,,
d9,d9,94.2,,
d9,d9,94.2,,
d9,d9,94.2,,
d9,d9,94.2,,
d9,d9,94.2,,
d9,d9,94.2,,
d9,d9,94.2,,
d9,d9,94.2,,
d9,d9,94.2,,
d9,d9,94.2,,
d9,d9,94.2,,
d9,d9,94.2,,
d9,d9,94.2,,
d9,d9,94.2,,
d9,d9,94.2,,
d9,d9,94.2,,
d9,d9,94.2,,
d9,d9,94.2,,
d9,d9,94.2,,
d9,d9,94.2,,
d9,d9,94.2,,
d9,d9,94.2,,
d9,d9,94.2,,
d9,d9,94.2,,
d9,d9,94.2,,
d9,d9,94.2,,
d9,d9,94.2,,
d9,d9,94.2,,
d9,d9,94.2,,
d9,d9,94.2,,
d9,d9,94.2,,
d9,d9,94.2,,
d9,d9,94.2,,
d9,d9,94.2,,
d9,d9,94.2,,
d9,d9,94.2,,
d9,d9,94.2,,
d9,d9,94.2,,
d9,d9,94.2,,
d9,d9,94.2,,
d9,d9,94.2,,
d9,d9,94.2,,
d9,d9,94.2,,
d9,d9,94.2,,
d9,d9,94.2,,
d9,d9,94.2,,
d9,d9,94.2,,
d9,d9,94.2,,
d9,d9,94.2,,
d9,d9,94.2,,
d9,d9,94.2,,
d9,d9,94.2,,
d9,d9,94.2,,
d9,d9,94.2,,
d9,d9,94.2,,
o9,d9,94.2,,
o9,d9,94.2,,
o9,d9,94.2,,
o9,d9,94.2,,
o9,d9,94.2,,
o9,d9,94.2,,
o9,d9,94.2,,
o9,d9,94.2,,
o9,d9,94.2,,
o9,d9,94.2,,
o9,d9,94.2,,
o9,d9,94.2,,
o9,d9,94.2,,
o9,d9,94.2,,
o9,d9,94.2,,
o9,d9,94.2,,
o9,d9,94.2,,
o9,d9,94.2,,
o9,d9,94.2,,
o9,d9,94.2,,
o9,d9,94.2,,
o9,d9,94.2,,
o9,d9,94.2,,
o9,d9,94.2,,
o9,d9,94.2,,
o9,d9,94.2,,
o9,d9,94.2,,
o9,d9,94.2,,
o9,d9,94.2,,
o9,d9,94.2,,
m9,d9,94.2,,
m9,d9,94.2,,
m9,d9,94.2,,
m9,d9,94.2,,
m9,d9,94.2,,
m9,d9,94.2,,
m9,d9,94.2,,
m9,d9,94.2,,
m9,d9,94.2,,
m9,d9,94.2,,
m9,d9,94.2,,
m9,d9,94.2,,
m9,d9,94.2,,
m9,d9,94.2,,
m9,d9,94.2,,
m9,d9,94.2,,
m9,d9,94.2,,
m9,d9,94.2,,
m9,d9,94.2,,
m9,d9,94.2,,
o14,d9,94.2,,
d14,d9,94.2,,
d12,d9,94.2,,
d14,d9,94.2,,
d14,d9,94.2,,
d9,d9,96.91,,
d9,d9,96.91,,
d9,d9,96.91,,
d9,d9,96.91,,
d9,d9,96.91,,
d9,d9,96.91,,
d9,d9,96.91,,
d9,d9,96.91,,
d9,d9,96.91,,
d9,d9,96.91,,
d9,d9,96.91,,
d9,d9,96.91,,
d9,d9,96.91,,
d9,d9,96.91,,
d9,d9,96.91,,
d9,d9,96.91,,
d9,d9,96.91,,
d9,d9,96.91,,
d9,d9,96.91,,
d9,d9,96.91,,
d9,d9,96.91,,
d9,d9,96.91,,
d9,d9,96.91,,
d9,d9,96.91,,
d9,d9,96.91,,
d9,d9,96.91,,
d9,d9,96.91,,
d9,d9,96.91,,
d9,d9,96.91,,
d9,d9,96.91,,
d9,d9,96.91,,
d9,d9,96.91,,
d9,d9,96.91,,
d9,d9,96.91,,
d9,d9,96.91,,
d9,d9,96.91,,
d9,d9,96.91,,
d9,d9,96.91,,
d9,d9,96.91,,
d9,d9,96.91,,
d9,d9,96.91,,
d9,d9,96.91,,
d9,d9,96.91,,
d9,d9,96.91,,
d9,d9,96.91,,
d9,d9,96.91,,
d9,d9,96.91,,
d9,d9,96.91,,
d9,d9,96.91,,
d9,d9,96.91,,
d9,d9,96.91,,
d9,d9,96.91,,
d9,d9,96.91,,
d9,d9,96.91,,
d9,d9,96.91,,
o9,d9,96.91,,
o9,d9,96.91,,
o9,d9,96.91,,
o9,d9,96.91,,
o9,d9,96.91,,
o9,d9,96.91,,
o9,d9,96.91,,
o9,d9,96.91,,
o9,d9,96.91,,
o9,d9,96.91,,
o9,d9,96.91,,
o9,d9,96.91,,
o9,d9,96.91,,
o9,d9,96.91,,
o9,d9,96.91,,
o9,d9,96.91,,
o9,d9,96.91,,
o9,d9,96.91,,
o9,d9,96.91,,
o9,d9,96.91,,
o9,d9,96.91,,
o9,d9,96.91,,
o9,d9,96.91,,
o9,d9,96.91,,
o9,d9,96.91,,
o9,d9,96.91,,
o9,d9,96.91,,
o9,d9,96.91,,
o9,d9,96.91,,
o9,d9,96.91,,
o9,d9,96.91,,
o9,d9,96.91,,
m9,d9,96.91,,
m9,d9,96.91,,
m9,d9,96.91,,
m9,d9,96.91,,
m9,d9,96.91,,
m9,d9,96.91,,
m9,d9,96.91,,
m9,d9,96.91,,
m9,d9,96.91,,
m9,d9,96.91,,
m9,d9,96.91,,
m9,d9,96.91,,
m9,d9,96.91,,
m9,d9,96.91,,
m9,d9,96.91,,
m9,d9,96.91,,
m9,d9,96.91,,
m9,d9,96.91,,
m9,d9,96.91,,
m9,d9,96.91,,
m9,d9,96.91,,
m9,d9,96.91,,
m9,d9,96.91,,
m9,d9,96.91,,
m9,d9,96.91,,
d9,d9,98.64,,
d9,d9,98.64,,
d9,d9,98.64,,
d9,d9,98.64,,
d9,d9,98.64,,
d9,d9,98.64,,
d9,d9,98.64,,
d9,d9,98.64,,
d9,d9,98.64,,
d9,d9,98.64,,
d9,d9,98.64,,
d9,d9,98.64,,
d9,d9,98.64,,
d9,d9,98.64,,
d9,d9,98.64,,
d9,d9,98.64,,
d9,d9,98.64,,
d9,d9,98.64,,
d9,d9,98.64,,
d9,d9,98.64,,
d9,d9,98.64,,
d9,d9,98.64,,
d9,d9,98.64,,
d9,d9,98.64,,
d9,d9,98.64,,
d9,d9,98.64,,
d9,d9,98.64,,
d9,d9,98.64,,
d9,d9,98.64,,
d9,d9,98.64,,
d9,d9,98.64,,
d9,d9,98.64,,
d9,d9,98.64,,
d9,d9,98.64,,
d9,d9,98.64,,
d9,d9,98.64,,
d9,d9,98.64,,
d9,d9,98.64,,
d9,d9,98.64,,
d9,d9,98.64,,
d9,d9,98.64,,
d9,d9,98.64,,
d9,d9,98.64,,
d9,d9,98.64,,
d9,d9,98.64,,
d9,d9,98.64,,
d9,d9,98.64,,
d9,d9,98.64,,
d9,d9,98.64,,
d9,d9,98.64,,
d9,d9,98.64,,
d9,d9,98.64,,
d9,d9,98.64,,
d9,d9,98.64,,
d9,d9,98.64,,
d9,d9,98.64,,
d9,d9,98.64,,
d9,d9,98.64,,
d9,d9,98.64,,
d9,d9,98.64,,
d9,d9,98.64,,
d9,d9,98.64,,
d9,d9,98.64,,
d9,d9,98.64,,
d9,d9,98.64,,
d9,d9,98.64,,
d9,d9,98.64,,
d9,d9,98.64,,
d9,d9,98.64,,
d9,d9,98.64,,
d9,d9,98.64,,
d9,d9,98.64,,
d9,d9,98.64,,
d9,d9,98.64,,
d9,d9,98.64,,
d9,d9,98.64,,
d9,d9,98.64,,
d9,d9,98.64,,
d9,d9,98.64,,
d9,d9,98.64,,
d9,d9,98.64,,
d9,d9,98.64,,
d9,d9,98.64,,
d9,d9,98.64,,
d9,d9,98.64,,
d9,d9,98.64,,
d9,d9,98.64,,
d9,d9,98.64,,
d9,d9,98.64,,
d9,d9,98.64,,
d9,d9,98.64,,
d9,d9,98.64,,
d9,d9,98.64,,
d9,d9,98.64,,
d9,d9,98.64,,
d9,d9,98.64,,
d9,d9,98.64,,
d9,d9,98.64,,
d9,d9,98.64,,
d9,d9,98.64,,
d9,d9,98.64,,
d9,d9,98.64,,
d9,d9,98.64,,
d9,d9,98.64,,
d9,d9,98.64,,
d9,d9,98.64,,
d9,d9,98.64,,
d9,d9,98.64,,
d9,d9,98.64,,
d9,d9,98.64,,
d9,d9,98.64,,
d9,d9,98.64,,
d9,d9,98.64,,
d9,d9,98.64,,
d9,d9,98.64,,
d9,d9,98.64,,
d9,d9,98.64,,
d9,d9,98.64,,
d9,d9,98.64,,
d9,d9,98.64,,
d9,d9,98.64,,
d9,d9,98.64,,
d9,d9,98.64,,
d9,d9,98.64,,
d9,d9,98.64,,
d9,d9,98.64,,
d9,d9,98.64,,
d9,d9,98.64,,
d9,d9,98.64,,
d9,d9,98.64,,
d9,d9,98.64,,
d9,d9,98.64,,
d9,d9,98.64,,
d9,d9,98.64,,
d9,d9,98.64,,
d9,d9,98.64,,
d9,d9,98.64,,
d9,d9,98.64,,
d9,d9,98.64,,
o9,d9,98.64,,
o9,d9,98.64,,
o9,d9,98.64,,
o9,d9,98.64,,
o9,d9,98.64,,
o9,d9,98.64,,
o9,d9,98.64,,
o9,d9,98.64,,
o9,d9,98.64,,
o9,d9,98.64,,
o9,d9,98.64,,
o9,d9,98.64,,
o9,d9,98.64,,
o9,d9,98.64,,
o9,d9,98.64,,
o9,d9,98.64,,
o9,d9,98.64,,
o9,d9,98.64,,
o9,d9,98.64,,
o9,d9,98.64,,
o9,d9,98.64,,
o9,d9,98.64,,
o9,d9,98.64,,
o9,d9,98.64,,
o9,d9,98.64,,
o9,d9,98.64,,
o9,d9,98.64,,
o9,d9,98.64,,
o9,d9,98.64,,
o9,d9,98.64,,
o9,d9,98.64,,
o9,d9,98.64,,
o9,d9,98.64,,
o9,d9,98.64,,
o9,d9,98.64,,
o9,d9,98.64,,
o9,d9,98.64,,
o9,d9,98.64,,
o9,d9,98.64,,
o9,d9,98.64,,
o9,d9,98.64,,
o9,d9,98.64,,
o9,d9,98.64,,
o9,d9,98.64,,
o9,d9,98.64,,
o9,d9,98.64,,
o9,d9,98.64,,
o9,d9,98.64,,
o9,d9,98.64,,
o9,d9,98.64,,
o9,d9,98.64,,
o9,d9,98.64,,
o9,d9,98.64,,
o9,d9,98.64,,
o9,d9,98.64,,
o9,d9,98.64,,
o9,d9,98.64,,
o9,d9,98.64,,
o9,d9,98.64,,
o9,d9,98.64,,
o9,d9,98.64,,
o9,d9,98.64,,
o9,d9,98.64,,
o9,d9,98.64,,
o9,d9,98.64,,
o9,d9,98.64,,
o9,d9,98.64,,
o9,d9,98.64,,
o9,d9,98.64,,
o9,d9,98.64,,
o9,d9,98.64,,
m9,d9,98.64,,
m9,d9,98.64,,
m9,d9,98.64,,
m9,d9,98.64,,
m9,d9,98.64,,
m9,d9,98.64,,
m9,d9,98.64,,
m9,d9,98.64,,
m9,d9,98.64,,
m9,d9,98.64,,
m9,d9,98.64,,
m9,d9,98.64,,
m9,d9,98.64,,
m9,d9,98.64,,
m9,d9,98.64,,
m9,d9,98.64,,
m9,d9,98.64,,
m9,d9,98.64,,
m9,d9,98.64,,
m9,d9,98.64,,
m9,d9,98.64,,
m9,d9,98.64,,
m9,d9,98.64,,
m9,d9,98.64,,
m9,d9,98.64,,
m9,d9,98.64,,
m9,d9,98.64,,
m9,d9,98.64,,
m9,d9,98.64,,
m9,d9,98.64,,
m9,d9,98.64,,
m9,d9,98.64,,
m9,d9,98.64,,
m9,d9,98.64,,
m9,d9,98.64,,
m9,d9,98.64,,
m9,d9,98.64,,
m9,d9,98.64,,
m9,d9,98.64,,
m9,d9,98.64,,
m9,d9,98.64,,
m9,d9,98.64,,
m9,d9,98.64,,
m9,d9,98.64,,
m9,d9,98.64,,
m9,d9,98.64,,
m9,d9,98.64,,
m9,d9,98.64,,
m9,d9,98.64,,
m9,d9,98.64,,
m9,d9,98.64,,
m9,d9,98.64,,
m9,d9,98.64,,
m9,d9,98.64,,
m9,d9,98.64,,
m9,d9,98.64,,
m9,d9,98.64,,
m9,d9,98.64,,
m9,d9,98.64,,
m9,d9,98.64,,
m9,d9,98.64,,
m9,d9,98.64,,
m9,d9,98.64,,
m9,d9,98.64,,
m9,d9,98.64,,
m9,d9,98.64,,
m9,d9,98.64,,
m9,d9,98.64,,
m9,d9,98.64,,
d14,d9,98.64,,
d14,d9,98.64,,
o12,d9,98.64,,
d14,d9,98.64,,
o14,d9,98.64,,
d14,d9,98.64,,
d12,d9,98.64,,
o14,d9,98.64,,
d14,d9,98.64,,
d12,d9,98.64,,
d9,d9,94.25,,
d9,d9,94.25,,
d9,d9,94.25,,
d9,d9,94.25,,
d9,d9,94.25,,
d9,d9,94.25,,
d9,d9,94.25,,
d9,d9,94.25,,
d9,d9,94.25,,
d9,d9,94.25,,
d9,d9,94.25,,
d9,d9,94.25,,
d9,d9,94.25,,
d9,d9,94.25,,
d9,d9,94.25,,
d9,d9,94.25,,
d9,d9,94.25,,
d9,d9,94.25,,
d9,d9,94.25,,
d9,d9,94.25,,
d9,d9,94.25,,
d9,d9,94.25,,
d9,d9,94.25,,
d9,d9,94.25,,
d9,d9,94.25,,
d9,d9,94.25,,
d9,d9,94.25,,
d9,d9,94.25,,
d9,d9,94.25,,
d9,d9,94.25,,
d9,d9,94.25,,
d9,d9,94.25,,
d9,d9,94.25,,
d9,d9,94.25,,
d9,d9,94.25,,
d9,d9,94.25,,
d9,d9,94.25,,
d9,d9,94.25,,
d9,d9,94.25,,
d9,d9,94.25,,
d9,d9,94.25,,
d9,d9,94.25,,
d9,d9,94.25,,
d9,d9,94.25,,
d9,d9,94.25,,
d9,d9,94.25,,
d9,d9,94.25,,
d9,d9,94.25,,
d9,d9,94.25,,
d9,d9,94.25,,
d9,d9,94.25,,
d9,d9,94.25,,
d9,d9,94.25,,
d9,d9,94.25,,
d9,d9,94.25,,
d9,d9,94.25,,
d9,d9,94.25,,
o9,d9,94.25,,
o9,d9,94.25,,
o9,d9,94.25,,
o9,d9,94.25,,
o9,d9,94.25,,
o9,d9,94.25,,
o9,d9,94.25,,
o9,d9,94.25,,
o9,d9,94.25,,
o9,d9,94.25,,
o9,d9,94.25,,
o9,d9,94.25,,
o9,d9,94.25,,
o9,d9,94.25,,
o9,d9,94.25,,
o9,d9,94.25,,
o9,d9,94.25,,
o9,d9,94.25,,
m9,d9,94.25,,
m9,d9,94.25,,
m9,d9,94.25,,
m9,d9,94.25,,
m9,d9,94.25,,
m9,d9,94.25,,
m9,d9,94.25,,
m9,d9,94.25,,
m9,d9,94.25,,
m9,d9,94.25,,
m9,d9,94.25,,
m9,d9,94.25,,
m9,d9,94.25,,
m9,d9,94.25,,
m9,d9,94.25,,
m9,d9,94.25,,
m9,d9,94.25,,
m9,d9,94.25,,
m9,d9,94.25,,
m9,d9,94.25,,
m9,d9,94.25,,
m9,d9,94.25,,
m9,d9,94.25,,
m9,d9,94.25,,
m9,d9,94.25,,
m9,d9,94.25,,
m9,d9,94.25,,
m9,d9,94.25,,
m9,d9,94.25,,
m9,d9,94.25,,
m9,d9,94.25,,
m9,d9,94.25,,
m9,d9,94.25,,
m9,d9,94.25,,
m9,d9,94.25,,
m9,d9,94.25,,
m9,d9,94.25,,
m9,d9,94.25,,
m9,d9,94.25,,
m9,d9,94.25,,
m9,d9,94.25,,
m9,d9,94.25,,
m9,d9,94.25,,
m9,d9,94.25,,
o12,d9,94.25,,
d9,d9,95.69,,
d9,d9,95.69,,
d9,d9,95.69,,
d9,d9,95.69,,
d9,d9,95.69,,
d9,d9,95.69,,
d9,d9,95.69,,
d9,d9,95.69,,
d9,d9,95.69,,
d9,d9,95.69,,
d9,d9,95.69,,
d9,d9,95.69,,
d9,d9,95.69,,
d9,d9,95.69,,
d9,d9,95.69,,
d9,d9,95.69,,
d9,d9,95.69,,
d9,d9,95.69,,
d9,d9,95.69,,
d9,d9,95.69,,
d9,d9,95.69,,
d9,d9,95.69,,
d9,d9,95.69,,
d9,d9,95.69,,
d9,d9,95.69,,
m9,d9,95.69,,
m9,d9,95.69,,
m9,d9,95.69,,
m9,d9,95.69,,
m9,d9,95.69,,
m9,d9,95.69,,
m9,d9,95.69,,
m9,d9,95.69,,
m9,d9,95.69,,
m9,d9,95.69,,
m9,d9,95.69,,
m9,d9,95.69,,
m9,d9,95.69,,
m9,d9,95.69,,
m9,d9,95.69,,
m9,d9,95.69,,
m9,d9,95.69,,
m9,d9,95.69,,
m9,d9,95.69,,
m9,d9,95.69,,
m9,d9,95.69,,
m9,d9,95.69,,
m9,d9,95.69,,
m9,d9,95.69,,
m9,d9,95.69,,
m9,d9,95.69,,
m9,d9,95.69,,
m9,d9,95.69,,
m9,d9,95.69,,
m9,d9,95.69,,
d9,d9,93.28,,
d9,d9,93.28,,
d9,d9,93.28,,
d9,d9,93.28,,
d9,d9,93.28,,
d9,d9,93.28,,
d9,d9,93.28,,
d9,d9,93.28,,
d9,d9,93.28,,
d9,d9,93.28,,
d9,d9,93.28,,
d9,d9,93.28,,
d9,d9,93.28,,
d9,d9,93.28,,
d9,d9,93.28,,
d9,d9,93.28,,
d9,d9,93.28,,
d9,d9,93.28,,
d9,d9,93.28,,
d9,d9,93.28,,
d9,d9,93.28,,
d9,d9,93.28,,
d9,d9,93.28,,
d9,d9,93.28,,
d9,d9,93.28,,
d9,d9,93.28,,
d9,d9,93.28,,
d9,d9,93.28,,
d9,d9,93.28,,
d9,d9,93.28,,
d9,d9,93.28,,
d9,d9,93.28,,
d9,d9,93.28,,
d9,d9,93.28,,
d9,d9,93.28,,
d9,d9,93.28,,
d9,d9,93.28,,
d9,d9,93.28,,
d9,d9,93.28,,
d9,d9,93.28,,
d9,d9,93.28,,
d9,d9,93.28,,
d9,d9,93.28,,
d9,d9,93.28,,
d9,d9,93.28,,
d9,d9,93.28,,
d9,d9,93.28,,
d9,d9,93.28,,
d9,d9,93.28,,
d9,d9,93.28,,
d9,d9,93.28,,
d9,d9,93.28,,
d9,d9,93.28,,
d9,d9,93.28,,
d9,d9,93.28,,
d9,d9,93.28,,
d9,d9,93.28,,
d9,d9,93.28,,
d9,d9,93.28,,
d9,d9,93.28,,
d9,d9,93.28,,
d9,d9,93.28,,
d9,d9,93.28,,
d9,d9,93.28,,
d9,d9,93.28,,
d9,d9,93.28,,
d9,d9,93.28,,
d9,d9,93.28,,
d9,d9,93.28,,
d9,d9,93.28,,
d9,d9,93.28,,
d9,d9,93.28,,
d9,d9,93.28,,
d9,d9,93.28,,
d9,d9,93.28,,
d9,d9,93.28,,
d9,d9,93.28,,
d9,d9,93.28,,
d9,d9,93.28,,
d9,d9,93.28,,
d9,d9,93.28,,
d9,d9,93.28,,
d9,d9,93.28,,
d9,d9,93.28,,
d9,d9,93.28,,
d9,d9,93.28,,
d9,d9,93.28,,
d9,d9,93.28,,
d9,d9,93.28,,
d9,d9,93.28,,
d9,d9,93.28,,
d9,d9,93.28,,
d9,d9,93.28,,
d9,d9,93.28,,
d9,d9,93.28,,
d9,d9,93.28,,
d9,d9,93.28,,
d9,d9,93.28,,
d9,d9,93.28,,
d9,d9,93.28,,
d9,d9,93.28,,
d9,d9,93.28,,
d9,d9,93.28,,
d9,d9,93.28,,
d9,d9,93.28,,
d9,d9,93.28,,
d9,d9,93.28,,
d9,d9,93.28,,
d9,d9,93.28,,
d9,d9,93.28,,
d9,d9,93.28,,
d9,d9,93.28,,
d9,d9,93.28,,
o9,d9,93.28,,
o9,d9,93.28,,
o9,d9,93.28,,
o9,d9,93.28,,
o9,d9,93.28,,
o9,d9,93.28,,
o9,d9,93.28,,
o9,d9,93.28,,
o9,d9,93.28,,
o9,d9,93.28,,
o9,d9,93.28,,
o9,d9,93.28,,
o9,d9,93.28,,
o9,d9,93.28,,
o9,d9,93.28,,
o9,d9,93.28,,
o9,d9,93.28,,
o9,d9,93.28,,
o9,d9,93.28,,
o9,d9,93.28,,
o9,d9,93.28,,
o9,d9,93.28,,
o9,d9,93.28,,
o9,d9,93.28,,
o9,d9,93.28,,
m9,d9,93.28,,
m9,d9,93.28,,
m9,d9,93.28,,
m9,d9,93.28,,
m9,d9,93.28,,
m9,d9,93.28,,
m9,d9,93.28,,
m9,d9,93.28,,
m9,d9,93.28,,
m9,d9,93.28,,
m9,d9,93.28,,
m9,d9,93.28,,
m9,d9,93.28,,
m9,d9,93.28,,
m9,d9,93.28,,
m9,d9,93.28,,
m9,d9,93.28,,
m9,d9,93.28,,
m9,d9,93.28,,
m9,d9,93.28,,
m9,d9,93.28,,
m9,d9,93.28,,
m9,d9,93.28,,
m9,d9,93.28,,
m9,d9,93.28,,
m9,d9,93.28,,
m9,d9,93.28,,
m9,d9,93.28,,
m9,d9,93.28,,
m9,d9,93.28,,
m9,d9,93.28,,
m9,d9,93.28,,
m9,d9,93.28,,
m9,d9,93.28,,
m9,d9,93.28,,
m9,d9,93.28,,
m9,d9,93.28,,
m9,d9,93.28,,
m9,d9,93.28,,
m9,d9,93.28,,
m9,d9,93.28,,
m9,d9,93.28,,
m9,d9,93.28,,
m9,d9,93.28,,
m9,d9,93.28,,
m9,d9,93.28,,
m9,d9,93.28,,
m9,d9,93.28,,
m9,d9,93.28,,
m9,d9,93.28,,
m9,d9,93.28,,
m9,d9,93.28,,
m9,d9,93.28,,
m9,d9,93.28,,
m9,d9,93.28,,
m9,d9,93.28,,
m9,d9,93.28,,
m9,d9,93.28,,
m9,d9,93.28,,
m9,d9,93.28,,
m9,d9,93.28,,
m9,d9,93.28,,
m9,d9,93.28,,
m9,d9,93.28,,
m9,d9,93.28,,
m9,d9,93.28,,
m9,d9,93.28,,
m9,d9,93.28,,
m9,d9,93.28,,
m9,d9,93.28,,
m9,d9,93.28,,
m9,d9,93.28,,
m9,d9,93.28,,
m9,d9,93.28,,
m9,d9,93.28,,
m9,d9,93.28,,
m9,d9,93.28,,
m9,d9,93.28,,
m9,d9,93.28,,
m9,d9,93.28,,
m9,d9,93.28,,
m9,d9,93.28,,
m9,d9,93.28,,
m9,d9,93.28,,
m9,d9,93.28,,
m9,d9,93.28,,
m9,d9,93.28,,
m9,d9,93.28,,
m9,d9,93.28,,
m9,d9,93.28,,
m9,d9,93.28,,
m9,d9,93.28,,
m9,d9,93.28,,
m9,d9,93.28,,
d12,d9,93.28,,
d14,d9,93.28,,
d14,d9,93.28,,
d12,d9,93.28,,
o14,d9,93.28,,
d14,d9,93.28,,
o12,d9,93.28,,
o12,d9,93.28,,
o14,d9,93.28,,
d12,d9,93.28,,
d14,d9,93.28,,
o14,d9,93.28,,
o12,d9,93.28,,
o12,d9,93.28,,
d12,d9,93.28,,
d12,d9,93.28,,
o12,d9,93.28,,
d14,d9,93.28,,
d12,d9,93.28,,
d14,d9,93.28,,
d9,d9,97.03,,
d9,d9,97.03,,
d9,d9,97.03,,
d9,d9,97.03,,
d9,d9,97.03,,
d9,d9,97.03,,
d9,d9,97.03,,
d9,d9,97.03,,
d9,d9,97.03,,
d9,d9,97.03,,
d9,d9,97.03,,
d9,d9,97.03,,
d9,d9,97.03,,
d9,d9,97.03,,
d9,d9,97.03,,
d9,d9,97.03,,
d9,d9,97.03,,
d9,d9,97.03,,
d9,d9,97.03,,
d9,d9,97.03,,
d9,d9,97.03,,
d9,d9,97.03,,
d9,d9,97.03,,
d9,d9,97.03,,
d9,d9,97.03,,
d9,d9,97.03,,
d9,d9,97.03,,
d9,d9,97.03,,
d9,d9,97.03,,
d9,d9,97.03,,
d9,d9,97.03,,
d9,d9,97.03,,
d9,d9,97.03,,
d9,d9,97.03,,
d9,d9,97.03,,
d9,d9,97.03,,
o9,d9,97.03,,
o9,d9,97.03,,
o9,d9,97.03,,
o9,d9,97.03,,
o9,d9,97.03,,
o9,d9,97.03,,
o9,d9,97.03,,
o9,d9,97.03,,
o9,d9,97.03,,
o9,d9,97.03,,
m9,d9,97.03,,
m9,d9,97.03,,
m9,d9,97.03,,
m9,d9,97.03,,
m9,d9,97.03,,
m9,d9,97.03,,
m9,d9,97.03,,
m9,d9,97.03,,
m9,d9,97.03,,
m9,d9,97.03,,
m9,d9,97.03,,
m9,d9,97.03,,
m9,d9,97.03,,
m9,d9,97.03,,
m9,d9,97.03,,
m9,d9,97.03,,
m9,d9,97.03,,
m9,d9,97.03,,
m9,d9,97.03,,
m9,d9,97.03,,
m9,d9,97.03,,
m9,d9,97.03,,
m9,d9,97.03,,
m9,d9,97.03,,
m9,d9,97.03,,
m9,d9,97.03,,
m9,d9,97.03,,
m9,d9,97.03,,
m9,d9,97.03,,
m9,d9,97.03,,
m9,d9,97.03,,
m9,d9,97.03,,
m9,d9,97.03,,
m9,d9,97.03,,
m9,d9,97.03,,
m9,d9,97.03,,
m9,d9,97.03,,
d9,d9,90.22,,
d9,d9,90.22,,
d9,d9,90.22,,
d9,d9,90.22,,
d9,d9,90.22,,
d9,d9,90.22,,
d9,d9,90.22,,
d9,d9,90.22,,
d9,d9,90.22,,
d9,d9,90.22,,
d9,d9,90.22,,
d9,d9,90.22,,
d9,d9,90.22,,
d9,d9,90.22,,
d9,d9,90.22,,
d9,d9,90.22,,
d9,d9,90.22,,
d9,d9,90.22,,
d9,d9,90.22,,
d9,d9,90.22,,
d9,d9,90.22,,
d9,d9,90.22,,
d9,d9,90.22,,
d9,d9,90.22,,
d9,d9,90.22,,
d9,d9,90.22,,
d9,d9,90.22,,
d9,d9,90.22,,
d9,d9,90.22,,
d9,d9,90.22,,
d9,d9,90.22,,
d9,d9,90.22,,
d9,d9,90.22,,
d9,d9,90.22,,
d9,d9,90.22,,
d9,d9,90.22,,
d9,d9,90.22,,
d9,d9,90.22,,
d9,d9,90.22,,
d9,d9,90.22,,
d9,d9,90.22,,
d9,d9,90.22,,
d9,d9,90.22,,
d9,d9,90.22,,
d9,d9,90.22,,
d9,d9,90.22,,
o9,d9,90.22,,
o9,d9,90.22,,
o9,d9,90.22,,
o9,d9,90.22,,
o9,d9,90.22,,
o9,d9,90.22,,
o9,d9,90.22,,
o9,d9,90.22,,
o9,d9,90.22,,
o9,d9,90.22,,
o9,d9,90.22,,
o9,d9,90.22,,
o9,d9,90.22,,
o9,d9,90.22,,
o9,d9,90.22,,
o9,d9,90.22,,
m9,d9,90.22,,
m9,d9,90.22,,
m9,d9,90.22,,
m9,d9,90.22,,
m9,d9,90.22,,
m9,d9,90.22,,
m9,d9,90.22,,
m9,d9,90.22,,
m9,d9,90.22,,
m9,d9,90.22,,
m9,d9,90.22,,
m9,d9,90.22,,
m9,d9,90.22,,
m9,d9,90.22,,
m9,d9,90.22,,
m9,d9,90.22,,
m9,d9,90.22,,
m9,d9,90.22,,
m9,d9,90.22,,
m9,d9,90.22,,
m9,d9,90.22,,
m9,d9,90.22,,
m9,d9,90.22,,
m9,d9,90.22,,
m9,d9,90.22,,
m9,d9,90.22,,
m9,d9,90.22,,
m9,d9,90.22,,
m9,d9,90.22,,
m9,d9,90.22,,
m9,d9,90.22,,
m9,d9,90.22,,
m9,d9,90.22,,
m9,d9,90.22,,
m9,d9,90.22,,
m9,d9,90.22,,
m9,d9,90.22,,
m9,d9,90.22,,
m9,d9,90.22,,
m9,d9,90.22,,
m9,d9,90.22,,
m9,d9,90.22,,
m9,d9,90.22,,
m9,d9,90.22,,
m9,d9,90.22,,
d9,d9,94.76,,
d9,d9,94.76,,
d9,d9,94.76,,
d9,d9,94.76,,
d9,d9,94.76,,
d9,d9,94.76,,
d9,d9,94.76,,
d9,d9,94.76,,
d9,d9,94.76,,
d9,d9,94.76,,
d9,d9,94.76,,
d9,d9,94.76,,
d9,d9,94.76,,
d9,d9,94.76,,
d9,d9,94.76,,
d9,d9,94.76,,
d9,d9,94.76,,
d9,d9,94.76,,
d9,d9,94.76,,
d9,d9,94.76,,
d9,d9,94.76,,
d9,d9,94.76,,
d9,d9,94.76,,
d9,d9,94.76,,
d9,d9,94.76,,
d9,d9,94.76,,
o9,d9,94.76,,
o9,d9,94.76,,
o9,d9,94.76,,
o9,d9,94.76,,
o9,d9,94.76,,
o9,d9,94.76,,
o9,d9,94.76,,
o9,d9,94.76,,
o9,d9,94.76,,
o9,d9,94.76,,
o9,d9,94.76,,
o9,d9,94.76,,
o9,d9,94.76,,
o9,d9,94.76,,
o9,d9,94.76,,
o9,d9,94.76,,
o9,d9,94.76,,
m9,d9,94.76,,
m9,d9,94.76,,
m9,d9,94.76,,
m9,d9,94.76,,
m9,d9,94.76,,
m9,d9,94.76,,
m9,d9,94.76,,
m9,d9,94.76,,
m9,d9,94.76,,
m9,d9,94.76,,
m9,d9,94.76,,
m9,d9,94.76,,
m9,d9,94.76,,
m9,d9,94.76,,
m9,d9,94.76,,
m9,d9,94.76,,
m9,d9,94.76,,
m9,d9,94.76,,
m9,d9,94.76,,
m9,d9,94.76,,
m9,d9,94.76,,
d9,d9,96.11,,
d9,d9,96.11,,
d9,d9,96.11,,
d9,d9,96.11,,
d9,d9,96.11,,
d9,d9,96.11,,
d9,d9,96.11,,
d9,d9,96.11,,
d9,d9,96.11,,
d9,d9,96.11,,
d9,d9,96.11,,
d9,d9,96.11,,
d9,d9,96.11,,
d9,d9,96.11,,
d9,d9,96.11,,
d9,d9,96.11,,
d9,d9,96.11,,
d9,d9,96.11,,
d9,d9,96.11,,
d9,d9,96.11,,
d9,d9,96.11,,
d9,d9,96.11,,
d9,d9,96.11,,
d9,d9,96.11,,
d9,d9,96.11,,
d9,d9,96.11,,
d9,d9,96.11,,
d9,d9,96.11,,
d9,d9,96.11,,
d9,d9,96.11,,
d9,d9,96.11,,
d9,d9,96.11,,
d9,d9,96.11,,
d9,d9,96.11,,
d9,d9,96.11,,
d9,d9,96.11,,
d9,d9,96.11,,
d9,d9,96.11,,
d9,d9,96.11,,
d9,d9,96.11,,
d9,d9,96.11,,
d9,d9,96.11,,
d9,d9,96.11,,
d9,d9,96.11,,
d9,d9,96.11,,
d9,d9,96.11,,
d9,d9,96.11,,
d9,d9,96.11,,
d9,d9,96.11,,
d9,d9,96.11,,
d9,d9,96.11,,
d9,d9,96.11,,
d9,d9,96.11,,
d9,d9,96.11,,
d9,d9,96.11,,
d9,d9,96.11,,
d9,d9,96.11,,
d9,d9,96.11,,
d9,d9,96.11,,
d9,d9,96.11,,
d9,d9,96.11,,
d9,d9,96.11,,
d9,d9,96.11,,
d9,d9,96.11,,
d9,d9,96.11,,
d9,d9,96.11,,
d9,d9,96.11,,
d9,d9,96.11,,
d9,d9,96.11,,
d9,d9,96.11,,
d9,d9,96.11,,
d9,d9,96.11,,
d9,d9,96.11,,
d9,d9,96.11,,
d9,d9,96.11,,
d9,d9,96.11,,
d9,d9,96.11,,
d9,d9,96.11,,
d9,d9,96.11,,
d9,d9,96.11,,
d9,d9,96.11,,
d9,d9,96.11,,
d9,d9,96.11,,
d9,d9,96.11,,
d9,d9,96.11,,
d9,d9,96.11,,
d9,d9,96.11,,
d9,d9,96.11,,
d9,d9,96.11,,
d9,d9,96.11,,
d9,d9,96.11,,
d9,d9,96.11,,
d9,d9,96.11,,
o9,d9,96.11,,
o9,d9,96.11,,
o9,d9,96.11,,
o9,d9,96.11,,
o9,d9,96.11,,
o9,d9,96.11,,
o9,d9,96.11,,
o9,d9,96.11,,
o9,d9,96.11,,
o9,d9,96.11,,
o9,d9,96.11,,
o9,d9,96.11,,
o9,d9,96.11,,
o9,d9,96.11,,
o9,d9,96.11,,
o9,d9,96.11,,
o9,d9,96.11,,
o9,d9,96.11,,
o9,d9,96.11,,
o9,d9,96.11,,
o9,d9,96.11,,
o9,d9,96.11,,
o9,d9,96.11,,
o9,d9,96.11,,
o9,d9,96.11,,
o9,d9,96.11,,
o9,d9,96.11,,
o9,d9,96.11,,
o9,d9,96.11,,
o9,d9,96.11,,
o9,d9,96.11,,
o9,d9,96.11,,
o9,d9,96.11,,
o9,d9,96.11,,
o9,d9,96.11,,
o9,d9,96.11,,
o9,d9,96.11,,
o9,d9,96.11,,
o9,d9,96.11,,
o9,d9,96.11,,
o9,d9,96.11,,
o9,d9,96.11,,
o9,d9,96.11,,
o9,d9,96.11,,
o9,d9,96.11,,
o9,d9,96.11,,
o9,d9,96.11,,
o9,d9,96.11,,
o9,d9,96.11,,
o9,d9,96.11,,
o9,d9,96.11,,
o9,d9,96.11,,
o9,d9,96.11,,
o9,d9,96.11,,
o9,d9,96.11,,
o9,d9,96.11,,
m9,d9,96.11,,
m9,d9,96.11,,
m9,d9,96.11,,
m9,d9,96.11,,
m9,d9,96.11,,
m9,d9,96.11,,
m9,d9,96.11,,
m9,d9,96.11,,
m9,d9,96.11,,
m9,d9,96.11,,
m9,d9,96.11,,
m9,d9,96.11,,
m9,d9,96.11,,
m9,d9,96.11,,
m9,d9,96.11,,
m9,d9,96.11,,
m9,d9,96.11,,
m9,d9,96.11,,
m9,d9,96.11,,
m9,d9,96.11,,
m9,d9,96.11,,
m9,d9,96.11,,
m9,d9,96.11,,
m9,d9,96.11,,
m9,d9,96.11,,
m9,d9,96.11,,
m9,d9,96.11,,
m9,d9,96.11,,
m9,d9,96.11,,
m9,d9,96.11,,
m9,d9,96.11,,
m9,d9,96.11,,
m9,d9,96.11,,
m9,d9,96.11,,
m9,d9,96.11,,
m9,d9,96.11,,
m9,d9,96.11,,
m9,d9,96.11,,
m9,d9,96.11,,
m9,d9,96.11,,
m9,d9,96.11,,
m9,d9,96.11,,
m9,d9,96.11,,
m9,d9,96.11,,
m9,d9,96.11,,
m9,d9,96.11,,
m9,d9,96.11,,
m9,d9,96.11,,
m9,d9,96.11,,
m9,d9,96.11,,
m9,d9,96.11,,
m9,d9,96.11,,
m9,d9,96.11,,
m9,d9,96.11,,
m9,d9,96.11,,
m9,d9,96.11,,
m9,d9,96.11,,
m9,d9,96.11,,
m9,d9,96.11,,
m9,d9,96.11,,
m9,d9,96.11,,
m9,d9,96.11,,
m9,d9,96.11,,
m9,d9,96.11,,
m9,d9,96.11,,
m9,d9,96.11,,
o12,d9,96.11,,
o12,d9,96.11,,
o12,d9,96.11,,
d12,d9,96.11,,
d12,d9,96.11,,
d12,d9,96.11,,
d14,d9,96.11,,
o14,d9,96.11,,
d14,d9,96.11,,
d12,d9,96.11,,
o14,d9,96.11,,
o12,d9,96.11,,
o14,d9,96.11,,
o12,d9,96.11,,
d12,d9,96.11,,
d9,d9,92.8,,
d9,d9,92.8,,
d9,d9,92.8,,
d9,d9,92.8,,
d9,d9,92.8,,
d9,d9,92.8,,
d9,d9,92.8,,
d9,d9,92.8,,
d9,d9,92.8,,
d9,d9,92.8,,
d9,d9,92.8,,
d9,d9,92.8,,
d9,d9,92.8,,
d9,d9,92.8,,
d9,d9,92.8,,
d9,d9,92.8,,
d9,d9,92.8,,
d9,d9,92.8,,
d9,d9,92.8,,
d9,d9,92.8,,
d9,d9,92.8,,
d9,d9,92.8,,
d9,d9,92.8,,
d9,d9,92.8,,
d9,d9,92.8,,
d9,d9,92.8,,
d9,d9,92.8,,
o9,d9,92.8,,
o9,d9,92.8,,
o9,d9,92.8,,
o9,d9,92.8,,
o9,d9,92.8,,
o9,d9,92.8,,
o9,d9,92.8,,
o9,d9,92.8,,
o9,d9,92.8,,
o9,d9,92.8,,
o9,d9,92.8,,
o9,d9,92.8,,
o9,d9,92.8,,
o9,d9,92.8,,
o9,d9,92.8,,
o9,d9,92.8,,
o9,d9,92.8,,
o9,d9,92.8,,
o9,d9,92.8,,
o9,d9,92.8,,
o9,d9,92.8,,
o9,d9,92.8,,
o9,d9,92.8,,
o9,d9,92.8,,
o9,d9,92.8,,
m9,d9,92.8,,
m9,d9,92.8,,
m9,d9,92.8,,
m9,d9,92.8,,
m9,d9,92.8,,
m9,d9,92.8,,
m9,d9,92.8,,
m9,d9,92.8,,
m9,d9,92.8,,
m9,d9,92.8,,
m9,d9,92.8,,
m9,d9,92.8,,
m9,d9,92.8,,
m9,d9,92.8,,
m9,d9,92.8,,
d9,d9,91.64,,
d9,d9,91.64,,
d9,d9,91.64,,
d9,d9,91.64,,
d9,d9,91.64,,
d9,d9,91.64,,
d9,d9,91.64,,
d9,d9,91.64,,
d9,d9,91.64,,
d9,d9,91.64,,
d9,d9,91.64,,
d9,d9,91.64,,
d9,d9,91.64,,
d9,d9,91.64,,
d9,d9,91.64,,
d9,d9,91.64,,
d9,d9,91.64,,
d9,d9,91.64,,
d9,d9,91.64,,
d9,d9,91.64,,
d9,d9,91.64,,
d9,d9,91.64,,
d9,d9,91.64,,
d9,d9,91.64,,
d9,d9,91.64,,
d9,d9,91.64,,
d9,d9,91.64,,
d9,d9,91.64,,
d9,d9,91.64,,
d9,d9,91.64,,
d9,d9,91.64,,
d9,d9,91.64,,
d9,d9,91.64,,
d9,d9,91.64,,
d9,d9,91.64,,
d9,d9,91.64,,
d9,d9,91.64,,
o9,d9,91.64,,
o9,d9,91.64,,
o9,d9,91.64,,
o9,d9,91.64,,
o9,d9,91.64,,
o9,d9,91.64,,
o9,d9,91.64,,
o9,d9,91.64,,
o9,d9,91.64,,
o9,d9,91.64,,
o9,d9,91.64,,
o9,d9,91.64,,
o9,d9,91.64,,
o9,d9,91.64,,
o9,d9,91.64,,
o9,d9,91.64,,
o9,d9,91.64,,
o9,d9,91.64,,
o9,d9,91.64,,
o9,d9,91.64,,
o9,d9,91.64,,
o9,d9,91.64,,
o9,d9,91.64,,
o9,d9,91.64,,
o9,d9,91.64,,
o9,d9,91.64,,
o9,d9,91.64,,
o9,d9,91.64,,
o9,d9,91.64,,
o9,d9,91.64,,
m9,d9,91.64,,
m9,d9,91.64,,
m9,d9,91.64,,
m9,d9,91.64,,
m9,d9,91.64,,
m9,d9,91.64,,
m9,d9,91.64,,
m9,d9,91.64,,
m9,d9,91.64,,
m9,d9,91.64,,
m9,d9,91.64,,
m9,d9,91.64,,
m9,d9,91.64,,
m9,d9,91.64,,
m9,d9,91.64,,
m9,d9,91.64,,
m9,d9,91.64,,
m9,d9,91.64,,
m9,d9,91.64,,
m9,d9,91.64,,
m9,d9,91.64,,
m9,d9,91.64,,
m9,d9,91.64,,
m9,d9,91.64,,
m9,d9,91.64,,
m9,d9,91.64,,
d9,d9,93.35,,
d9,d9,93.35,,
d9,d9,93.35,,
d9,d9,93.35,,
d9,d9,93.35,,
d9,d9,93.35,,
d9,d9,93.35,,
d9,d9,93.35,,
d9,d9,93.35,,
d9,d9,93.35,,
d9,d9,93.35,,
d9,d9,93.35,,
d9,d9,93.35,,
d9,d9,93.35,,
d9,d9,93.35,,
d9,d9,93.35,,
d9,d9,93.35,,
d9,d9,93.35,,
d9,d9,93.35,,
d9,d9,93.35,,
d9,d9,93.35,,
d9,d9,93.35,,
d9,d9,93.35,,
d9,d9,93.35,,
d9,d9,93.35,,
d9,d9,93.35,,
d9,d9,93.35,,
d9,d9,93.35,,
d9,d9,93.35,,
d9,d9,93.35,,
d9,d9,93.35,,
d9,d9,93.35,,
d9,d9,93.35,,
d9,d9,93.35,,
d9,d9,93.35,,
d9,d9,93.35,,
d9,d9,93.35,,
d9,d9,93.35,,
d9,d9,93.35,,
d9,d9,93.35,,
d9,d9,93.35,,
d9,d9,93.35,,
d9,d9,93.35,,
d9,d9,93.35,,
d9,d9,93.35,,
d9,d9,93.35,,
d9,d9,93.35,,
d9,d9,93.35,,
d9,d9,93.35,,
d9,d9,93.35,,
o9,d9,93.35,,
o9,d9,93.35,,
o9,d9,93.35,,
o9,d9,93.35,,
o9,d9,93.35,,
o9,d9,93.35,,
o9,d9,93.35,,
o9,d9,93.35,,
o9,d9,93.35,,
o9,d9,93.35,,
o9,d9,93.35,,
m9,d9,93.35,,
m9,d9,93.35,,
m9,d9,93.35,,
m9,d9,93.35,,
m9,d9,93.35,,
m9,d9,93.35,,
m9,d9,93.35,,
m9,d9,93.35,,
m9,d9,93.35,,
m9,d9,93.35,,
m9,d9,93.35,,
m9,d9,93.35,,
m9,d9,93.35,,
m9,d9,93.35,,
m9,d9,93.35,,
m9,d9,93.35,,
m9,d9,93.35,,
m9,d9,93.35,,
m9,d9,93.35,,
m9,d9,93.35,,
m9,d9,93.35,,
m9,d9,93.35,,
m9,d9,93.35,,
m9,d9,93.35,,
m9,d9,93.35,,
m9,d9,93.35,,
m9,d9,93.35,,
m9,d9,93.35,,
m9,d9,93.35,,
m9,d9,93.35,,
m9,d9,93.35,,
m9,d9,93.35,,
m9,d9,93.35,,
m9,d9,93.35,,
m9,d9,93.35,,
m9,d9,93.35,,
m9,d9,93.35,,
m9,d9,93.35,,
m9,d9,93.35,,
m9,d9,93.35,,
m9,d9,93.35,,
m9,d9,93.35,,
m9,d9,93.35,,
m9,d9,93.35,,
m9,d9,93.35,,
m9,d9,93.35,,
m9,d9,93.35,,
m9,d9,93.35,,
m9,d9,93.35,,
m9,d9,93.35,,
m9,d9,93.35,,
m9,d9,93.35,,
m9,d9,93.35,,
m9,d9,93.35,,
m9,d9,93.35,,
m9,d9,93.35,,
m9,d9,93.35,,
m9,d9,93.35,,
m9,d9,93.35,,
m9,d9,93.35,,
m9,d9,93.35,,
m9,d9,93.35,,
m9,d9,93.35,,
m9,d9,93.35,,
m9,d9,93.35,,
o12,d9,93.35,,
d14,d9,93.35,,
d14,d9,93.35,,
o14,d9,93.35,,
d12,d9,93.35,,
d9,d9,91.89,,
d9,d9,91.89,,
d9,d9,91.89,,
d9,d9,91.89,,
d9,d9,91.89,,
d9,d9,91.89,,
d9,d9,91.89,,
d9,d9,91.89,,
d9,d9,91.89,,
d9,d9,91.89,,
d9,d9,91.89,,
d9,d9,91.89,,
d9,d9,91.89,,
d9,d9,91.89,,
d9,d9,91.89,,
d9,d9,91.89,,
d9,d9,91.89,,
d9,d9,91.89,,
d9,d9,91.89,,
d9,d9,91.89,,
o9,d9,91.89,,
o9,d9,91.89,,
o9,d9,91.89,,
o9,d9,91.89,,
o9,d9,91.89,,
o9,d9,91.89,,
o9,d9,91.89,,
o9,d9,91.89,,
o9,d9,91.89,,
o9,d9,91.89,,
o9,d9,91.89,,
o9,d9,91.89,,
o9,d9,91.89,,
o9,d9,91.89,,
o9,d9,91.89,,
m9,d9,91.89,,
m9,d9,91.89,,
m9,d9,91.89,,
m9,d9,91.89,,
m9,d9,91.89,,
m9,d9,91.89,,
m9,d9,91.89,,
m9,d9,91.89,,
m9,d9,91.89,,
m9,d9,91.89,,
m9,d9,91.89,,
m9,d9,91.89,,
m9,d9,91.89,,
m9,d9,91.89,,
m9,d9,91.89,,
m9,d9,91.89,,
m9,d9,91.89,,
m9,d9,91.89,,
m9,d9,91.89,,
m9,d9,91.89,,
d9,d9,92.52,,
d9,d9,92.52,,
d9,d9,92.52,,
d9,d9,92.52,,
d9,d9,92.52,,
d9,d9,92.52,,
d9,d9,92.52,,
d9,d9,92.52,,
d9,d9,92.52,,
d9,d9,92.52,,
d9,d9,92.52,,
d9,d9,92.52,,
d9,d9,92.52,,
d9,d9,92.52,,
d9,d9,92.52,,
d9,d9,92.52,,
d9,d9,92.52,,
d9,d9,92.52,,
d9,d9,92.52,,
d9,d9,92.52,,
d9,d9,92.52,,
d9,d9,92.52,,
d9,d9,92.52,,
d9,d9,92.52,,
d9,d9,92.52,,
d9,d9,92.52,,
d9,d9,92.52,,
d9,d9,92.52,,
d9,d9,92.52,,
d9,d9,92.52,,
d9,d9,92.52,,
d9,d9,92.52,,
o9,d9,92.52,,
o9,d9,92.52,,
o9,d9,92.52,,
o9,d9,92.52,,
o9,d9,92.52,,
o9,d9,92.52,,
o9,d9,92.52,,
o9,d9,92.52,,
o9,d9,92.52,,
o9,d9,92.52,,
o9,d9,92.52,,
o9,d9,92.52,,
o9,d9,92.52,,
o9,d9,92.52,,
o9,d9,92.52,,
o9,d9,92.52,,
o9,d9,92.52,,
o9,d9,92.52,,
o9,d9,92.52,,
o9,d9,92.52,,
o9,d9,92.52,,
o9,d9,92.52,,
o9,d9,92.52,,
o9,d9,92.52,,
o9,d9,92.52,,
o9,d9,92.52,,
o9,d9,92.52,,
o9,d9,92.52,,
o9,d9,92.52,,
o9,d9,92.52,,
o9,d9,92.52,,
o9,d9,92.52,,
o9,d9,92.52,,
o9,d9,92.52,,
o9,d9,92.52,,
o9,d9,92.52,,
o9,d9,92.52,,
o9,d9,92.52,,
m9,d9,92.52,,
m9,d9,92.52,,
m9,d9,92.52,,
m9,d9,92.52,,
m9,d9,92.52,,
m9,d9,92.52,,
m9,d9,92.52,,
m9,d9,92.52,,
m9,d9,92.52,,
m9,d9,92.52,,
m9,d9,92.52,,
m9,d9,92.52,,
m9,d9,92.52,,
m9,d9,92.52,,
m9,d9,92.52,,
m9,d9,92.52,,
m9,d9,92.52,,
m9,d9,92.52,,
m9,d9,92.52,,
m9,d9,92.52,,
m9,d9,92.52,,
m9,d9,92.52,,
d9,d9,94.17,,
d9,d9,94.17,,
d9,d9,94.17,,
d9,d9,94.17,,
d9,d9,94.17,,
d9,d9,94.17,,
d9,d9,94.17,,
d9,d9,94.17,,
d9,d9,94.17,,
d9,d9,94.17,,
d9,d9,94.17,,
d9,d9,94.17,,
d9,d9,94.17,,
d9,d9,94.17,,
d9,d9,94.17,,
d9,d9,94.17,,
d9,d9,94.17,,
d9,d9,94.17,,
d9,d9,94.17,,
d9,d9,94.17,,
d9,d9,94.17,,
d9,d9,94.17,,
d9,d9,94.17,,
d9,d9,94.17,,
d9,d9,94.17,,
d9,d9,94.17,,
d9,d9,94.17,,
d9,d9,94.17,,
d9,d9,94.17,,
d9,d9,94.17,,
d9,d9,94.17,,
d9,d9,94.17,,
d9,d9,94.17,,
d9,d9,94.17,,
d9,d9,94.17,,
d9,d9,94.17,,
d9,d9,94.17,,
d9,d9,94.17,,
d9,d9,94.17,,
d9,d9,94.17,,
d9,d9,94.17,,
d9,d9,94.17,,
d9,d9,94.17,,
d9,d9,94.17,,
d9,d9,94.17,,
d9,d9,94.17,,
d9,d9,94.17,,
d9,d9,94.17,,
d9,d9,94.17,,
d9,d9,94.17,,
d9,d9,94.17,,
d9,d9,94.17,,
d9,d9,94.17,,
d9,d9,94.17,,
d9,d9,94.17,,
d9,d9,94.17,,
d9,d9,94.17,,
d9,d9,94.17,,
d9,d9,94.17,,
d9,d9,94.17,,
o9,d9,94.17,,
o9,d9,94.17,,
o9,d9,94.17,,
o9,d9,94.17,,
o9,d9,94.17,,
o9,d9,94.17,,
o9,d9,94.17,,
o9,d9,94.17,,
o9,d9,94.17,,
o9,d9,94.17,,
o9,d9,94.17,,
o9,d9,94.17,,
o9,d9,94.17,,
o9,d9,94.17,,
o9,d9,94.17,,
o9,d9,94.17,,
o9,d9,94.17,,
o9,d9,94.17,,
o9,d9,94.17,,
o9,d9,94.17,,
o9,d9,94.17,,
o9,d9,94.17,,
o9,d9,94.17,,
o9,d9,94.17,,
o9,d9,94.17,,
m9,d9,94.17,,
m9,d9,94.17,,
m9,d9,94.17,,
m9,d9,94.17,,
m9,d9,94.17,,
m9,d9,94.17,,
m9,d9,94.17,,
m9,d9,94.17,,
m9,d9,94.17,,
m9,d9,94.17,,
m9,d9,94.17,,
m9,d9,94.17,,
m9,d9,94.17,,
m9,d9,94.17,,
m9,d9,94.17,,
m9,d9,94.17,,
m9,d9,94.17,,
m9,d9,94.17,,
m9,d9,94.17,,
m9,d9,94.17,,
m9,d9,94.17,,
m9,d9,94.17,,
m9,d9,94.17,,
m9,d9,94.17,,
m9,d9,94.17,,
m9,d9,94.17,,
m9,d9,94.17,,
m9,d9,94.17,,
m9,d9,94.17,,
m9,d9,94.17,,
m9,d9,94.17,,
m9,d9,94.17,,
m9,d9,94.17,,
m9,d9,94.17,,
m9,d9,94.17,,
m9,d9,94.17,,
m9,d9,94.17,,
m9,d9,94.17,,
m9,d9,94.17,,
m9,d9,94.17,,
m9,d9,94.17,,
m9,d9,94.17,,
m9,d9,94.17,,
m9,d9,94.17,,
m9,d9,94.17,,
m9,d9,94.17,,
m9,d9,94.17,,
m9,d9,94.17,,
m9,d9,94.17,,
m9,d9,94.17,,
m9,d9,94.17,,
m9,d9,94.17,,
m9,d9,94.17,,
m9,d9,94.17,,
m9,d9,94.17,,
m9,d9,94.17,,
m9,d9,94.17,,
m9,d9,94.17,,
m9,d9,94.17,,
m9,d9,94.17,,
m9,d9,94.17,,
m9,d9,94.17,,
m9,d9,94.17,,
m9,d9,94.17,,
m9,d9,94.17,,
m9,d9,94.17,,
m9,d9,94.17,,
m9,d9,94.17,,
m9,d9,94.17,,
m9,d9,94.17,,
m9,d9,94.17,,
m9,d9,94.17,,
m9,d9,94.17,,
m9,d9,94.17,,
m9,d9,94.17,,
m9,d9,94.17,,
m9,d9,94.17,,
m9,d9,94.17,,
m9,d9,94.17,,
m9,d9,94.17,,
m9,d9,94.17,,
m9,d9,94.17,,
m9,d9,94.17,,
m9,d9,94.17,,
m9,d9,94.17,,
m9,d9,94.17,,
m9,d9,94.17,,
m9,d9,94.17,,
m9,d9,94.17,,
d14,d9,94.17,,
d14,d9,94.17,,
d12,d9,94.17,,
d14,d9,94.17,,
d12,d9,94.17,,
d9,d9,91.81,,
d9,d9,91.81,,
d9,d9,91.81,,
d9,d9,91.81,,
d9,d9,91.81,,
d9,d9,91.81,,
d9,d9,91.81,,
d9,d9,91.81,,
d9,d9,91.81,,
d9,d9,91.81,,
d9,d9,91.81,,
d9,d9,91.81,,
d9,d9,91.81,,
d9,d9,91.81,,
d9,d9,91.81,,
d9,d9,91.81,,
d9,d9,91.81,,
d9,d9,91.81,,
d9,d9,91.81,,
d9,d9,91.81,,
d9,d9,91.81,,
d9,d9,91.81,,
d9,d9,91.81,,
d9,d9,91.81,,
d9,d9,91.81,,
d9,d9,91.81,,
d9,d9,91.81,,
d9,d9,91.81,,
d9,d9,91.81,,
d9,d9,91.81,,
d9,d9,91.81,,
d9,d9,91.81,,
d9,d9,91.81,,
d9,d9,91.81,,
d9,d9,91.81,,
d9,d9,91.81,,
d9,d9,91.81,,
d9,d9,91.81,,
d9,d9,91.81,,
d9,d9,91.81,,
d9,d9,91.81,,
d9,d9,91.81,,
d9,d9,91.81,,
d9,d9,91.81,,
d9,d9,91.81,,
d9,d9,91.81,,
o9,d9,91.81,,
o9,d9,91.81,,
o9,d9,91.81,,
o9,d9,91.81,,
o9,d9,91.81,,
o9,d9,91.81,,
o9,d9,91.81,,
o9,d9,91.81,,
o9,d9,91.81,,
o9,d9,91.81,,
o9,d9,91.81,,
o9,d9,91.81,,
o9,d9,91.81,,
o9,d9,91.81,,
o9,d9,91.81,,
o9,d9,91.81,,
m9,d9,91.81,,
m9,d9,91.81,,
m9,d9,91.81,,
m9,d9,91.81,,
m9,d9,91.81,,
m9,d9,91.81,,
m9,d9,91.81,,
m9,d9,91.81,,
m9,d9,91.81,,
m9,d9,91.81,,
m9,d9,91.81,,
m9,d9,91.81,,
m9,d9,91.81,,
m9,d9,91.81,,
m9,d9,91.81,,
m9,d9,91.81,,
m9,d9,91.81,,
m9,d9,91.81,,
m9,d9,91.81,,
m9,d9,91.81,,
m9,d9,91.81,,
m9,d9,91.81,,
m9,d9,91.81,,
m9,d9,91.81,,
m9,d9,91.81,,
m9,d9,91.81,,
m9,d9,91.81,,
m9,d9,91.81,,
m9,d9,91.81,,
m9,d9,91.81,,
m9,d9,91.81,,
m9,d9,91.81,,
m9,d9,91.81,,
m9,d9,91.81,,
m9,d9,91.81,,
m9,d9,91.81,,
m9,d9,91.81,,
m9,d9,91.81,,
m9,d9,91.81,,
m9,d9,91.81,,
m9,d9,91.81,,
m9,d9,91.81,,
m9,d9,91.81,,
m9,d9,91.81,,
m9,d9,91.81,,
m9,d9,91.81,,
m9,d9,91.81,,
m9,d9,91.81,,
m9,d9,91.81,,
m9,d9,91.81,,
m9,d9,91.81,,
m9,d9,91.81,,
m9,d9,91.81,,
m9,d9,91.81,,
m9,d9,91.81,,
m9,d9,91.81,,
m9,d9,91.81,,
m9,d9,91.81,,
m9,d9,91.81,,
m9,d9,91.81,,
m9,d9,91.81,,
m9,d9,91.81,,
m9,d9,91.81,,
m9,d9,91.81,,
m9,d9,91.81,,
m9,d9,91.81,,
m9,d9,91.81,,
m9,d9,91.81,,
m9,d9,91.81,,
m9,d9,91.81,,
m9,d9,91.81,,
d14,d9,91.81,,
o12,d9,91.81,,
o12,d9,91.81,,
d14,d9,91.81,,
d12,d9,91.81,,
d9,d9,95.19,,
d9,d9,95.19,,
d9,d9,95.19,,
d9,d9,95.19,,
d9,d9,95.19,,
d9,d9,95.19,,
d9,d9,95.19,,
d9,d9,95.19,,
d9,d9,95.19,,
d9,d9,95.19,,
d9,d9,95.19,,
d9,d9,95.19,,
d9,d9,95.19,,
d9,d9,95.19,,
d9,d9,95.19,,
d9,d9,95.19,,
d9,d9,95.19,,
d9,d9,95.19,,
d9,d9,95.19,,
d9,d9,95.19,,
d9,d9,95.19,,
d9,d9,95.19,,
d9,d9,95.19,,
d9,d9,95.19,,
o9,d9,95.19,,
o9,d9,95.19,,
o9,d9,95.19,,
o9,d9,95.19,,
o9,d9,95.19,,
o9,d9,95.19,,
o9,d9,95.19,,
o9,d9,95.19,,
o9,d9,95.19,,
m9,d9,95.19,,
m9,d9,95.19,,
m9,d9,95.19,,
m9,d9,95.19,,
m9,d9,95.19,,
m9,d9,95.19,,
m9,d9,95.19,,
m9,d9,95.19,,
m9,d9,95.19,,
m9,d9,95.19,,
m9,d9,95.19,,
m9,d9,95.19,,
m9,d9,95.19,,
m9,d9,95.19,,
m9,d9,95.19,,
m9,d9,95.19,,
m9,d9,95.19,,
m9,d9,95.19,,
m9,d9,95.19,,
m9,d9,95.19,,
m9,d9,95.19,,
m9,d9,95.19,,
m9,d9,95.19,,
m9,d9,95.19,,
m9,d9,95.19,,
m9,d9,95.19,,
m9,d9,95.19,,
m9,d9,95.19,,
m9,d9,95.19,,
m9,d9,95.19,,
m9,d9,95.19,,
m9,d9,95.19,,
m9,d9,95.19,,
m9,d9,95.19,,
m9,d9,95.19,,
m9,d9,95.19,,
m9,d9,95.19,,
m9,d9,95.19,,
m9,d9,95.19,,
m9,d9,95.19,,
m9,d9,95.19,,
d9,d9,97.66,,
d9,d9,97.66,,
d9,d9,97.66,,
d9,d9,97.66,,
d9,d9,97.66,,
d9,d9,97.66,,
d9,d9,97.66,,
d9,d9,97.66,,
d9,d9,97.66,,
d9,d9,97.66,,
d9,d9,97.66,,
d9,d9,97.66,,
d9,d9,97.66,,
d9,d9,97.66,,
d9,d9,97.66,,
d9,d9,97.66,,
d9,d9,97.66,,
d9,d9,97.66,,
d9,d9,97.66,,
d9,d9,97.66,,
d9,d9,97.66,,
d9,d9,97.66,,
d9,d9,97.66,,
d9,d9,97.66,,
d9,d9,97.66,,
d9,d9,97.66,,
d9,d9,97.66,,
o9,d9,97.66,,
o9,d9,97.66,,
o9,d9,97.66,,
o9,d9,97.66,,
o9,d9,97.66,,
o9,d9,97.66,,
o9,d9,97.66,,
o9,d9,97.66,,
o9,d9,97.66,,
o9,d9,97.66,,
o9,d9,97.66,,
o9,d9,97.66,,
o9,d9,97.66,,
o9,d9,97.66,,
o9,d9,97.66,,
o9,d9,97.66,,
o9,d9,97.66,,
m9,d9,97.66,,
m9,d9,97.66,,
m9,d9,97.66,,
m9,d9,97.66,,
m9,d9,97.66,,
m9,d9,97.66,,
m9,d9,97.66,,
m9,d9,97.66,,
m9,d9,97.66,,
m9,d9,97.66,,
m9,d9,97.66,,
m9,d9,97.66,,
m9,d9,97.66,,
m9,d9,97.66,,
m9,d9,97.66,,
m9,d9,97.66,,
m9,d9,97.66,,
m9,d9,97.66,,
m9,d9,97.66,,
m9,d9,97.66,,
m9,d9,97.66,,
m9,d9,97.66,,
m9,d9,97.66,,
m9,d9,97.66,,
m9,d9,97.66,,
m9,d9,97.66,,
m9,d9,97.66,,
m9,d9,97.66,,
m9,d9,97.66,,
m9,d9,97.66,,
m9,d9,97.66,,
m9,d9,97.66,,
m9,d9,97.66,,
m9,d9,97.66,,
m9,d9,97.66,,
m9,d9,97.66,,
m9,d9,97.66,,
m9,d9,97.66,,
m9,d9,97.66,,
m9,d9,97.66,,
m9,d9,97.66,,
m9,d9,97.66,,
d14,d9,97.66,,
d14,d9,97.66,,
d9,d9,89.8,,
d9,d9,89.8,,
d9,d9,89.8,,
d9,d9,89.8,,
d9,d9,89.8,,
d9,d9,89.8,,
d9,d9,89.8,,
d9,d9,89.8,,
d9,d9,89.8,,
d9,d9,89.8,,
d9,d9,89.8,,
d9,d9,89.8,,
d9,d9,89.8,,
d9,d9,89.8,,
d9,d9,89.8,,
d9,d9,89.8,,
d9,d9,89.8,,
d9,d9,89.8,,
d9,d9,89.8,,
d9,d9,89.8,,
d9,d9,89.8,,
d9,d9,89.8,,
d9,d9,89.8,,
d9,d9,89.8,,
d9,d9,89.8,,
d9,d9,89.8,,
o9,d9,89.8,,
o9,d9,89.8,,
o9,d9,89.8,,
o9,d9,89.8,,
o9,d9,89.8,,
o9,d9,89.8,,
o9,d9,89.8,,
o9,d9,89.8,,
o9,d9,89.8,,
o9,d9,89.8,,
o9,d9,89.8,,
o9,d9,89.8,,
o9,d9,89.8,,
o9,d9,89.8,,
o9,d9,89.8,,
o9,d9,89.8,,
o9,d9,89.8,,
o9,d9,89.8,,
o9,d9,89.8,,
o9,d9,89.8,,
o9,d9,89.8,,
o9,d9,89.8,,
o9,d9,89.8,,
o9,d9,89.8,,
o9,d9,89.8,,
o9,d9,89.8,,
m9,d9,89.8,,
m9,d9,89.8,,
m9,d9,89.8,,
m9,d9,89.8,,
m9,d9,89.8,,
m9,d9,89.8,,
m9,d9,89.8,,
m9,d9,89.8,,
m9,d9,89.8,,
m9,d9,89.8,,
m9,d9,89.8,,
m9,d9,89.8,,
m9,d9,89.8,,
m9,d9,89.8,,
m9,d9,89.8,,
m9,d9,89.8,,
m9,d9,89.8,,
m9,d9,89.8,,
m9,d9,89.8,,
m9,d9,89.8,,
m9,d9,89.8,,
m9,d9,89.8,,
m9,d9,89.8,,
m9,d9,89.8,,
m9,d9,89.8,,
m9,d9,89.8,,
m9,d9,89.8,,
m9,d9,89.8,,
m9,d9,89.8,,
m9,d9,89.8,,
m9,d9,89.8,,
m9,d9,89.8,,
m9,d9,89.8,,
m9,d9,89.8,,
m9,d9,89.8,,
m9,d9,89.8,,
m9,d9,89.8,,
m9,d9,89.8,,
d9,d9,93.43,,
d9,d9,93.43,,
d9,d9,93.43,,
d9,d9,93.43,,
d9,d9,93.43,,
d9,d9,93.43,,
d9,d9,93.43,,
d9,d9,93.43,,
d9,d9,93.43,,
d9,d9,93.43,,
d9,d9,93.43,,
d9,d9,93.43,,
d9,d9,93.43,,
d9,d9,93.43,,
d9,d9,93.43,,
o9,d9,93.43,,
o9,d9,93.43,,
o9,d9,93.43,,
o9,d9,93.43,,
o9,d9,93.43,,
o9,d9,93.43,,
o9,d9,93.43,,
o9,d9,93.43,,
o9,d9,93.43,,
o9,d9,93.43,,
o9,d9,93.43,,
m9,d9,93.43,,
m9,d9,93.43,,
m9,d9,93.43,,
m9,d9,93.43,,
m9,d9,93.43,,
m9,d9,93.43,,
m9,d9,93.43,,
m9,d9,93.43,,
m9,d9,93.43,,
m9,d9,93.43,,
m9,d9,93.43,,
m9,d9,93.43,,
m9,d9,93.43,,
m9,d9,93.43,,
m9,d9,93.43,,
m9,d9,93.43,,
m9,d9,93.43,,
m9,d9,93.43,,
m9,d9,93.43,,
m9,d9,93.43,,
m9,d9,93.43,,
m9,d9,93.43,,
m9,d9,93.43,,
m9,d9,93.43,,
m9,d9,93.43,,
m9,d9,93.43,,
d9,d9,94.52,,
d9,d9,94.52,,
d9,d9,94.52,,
d9,d9,94.52,,
d9,d9,94.52,,
d9,d9,94.52,,
d9,d9,94.52,,
d9,d9,94.52,,
d9,d9,94.52,,
d9,d9,94.52,,
d9,d9,94.52,,
d9,d9,94.52,,
d9,d9,94.52,,
d9,d9,94.52,,
d9,d9,94.52,,
d9,d9,94.52,,
d9,d9,94.52,,
d9,d9,94.52,,
d9,d9,94.52,,
d9,d9,94.52,,
o9,d9,94.52,,
o9,d9,94.52,,
o9,d9,94.52,,
o9,d9,94.52,,
o9,d9,94.52,,
o9,d9,94.52,,
o9,d9,94.52,,
o9,d9,94.52,,
o9,d9,94.52,,
o9,d9,94.52,,
o9,d9,94.52,,
o9,d9,94.52,,
o9,d9,94.52,,
o9,d9,94.52,,
o9,d9,94.52,,
o9,d9,94.52,,
m9,d9,94.52,,
m9,d9,94.52,,
m9,d9,94.52,,
m9,d9,94.52,,
m9,d9,94.52,,
m9,d9,94.52,,
m9,d9,94.52,,
m9,d9,94.52,,
m9,d9,94.52,,
m9,d9,94.52,,
m9,d9,94.52,,
m9,d9,94.52,,
m9,d9,94.52,,
m9,d9,94.52,,
m9,d9,94.52,,
m9,d9,94.52,,
m9,d9,94.52,,
m9,d9,94.52,,
m9,d9,94.52,,
m9,d9,94.52,,
m9,d9,94.52,,
m9,d9,94.52,,
m9,d9,94.52,,
m9,d9,94.52,,
m9,d9,94.52,,
o12,d9,94.52,,
o12,d9,94.52,,
d12,d9,94.52,,
d12,d9,94.52,,
o12,d9,94.52,,
d12,d9,94.52,,
o12,d9,94.52,,
o12,d9,94.52,,
d12,d9,94.52,,
o12,d9,94.52,,
d9,d9,91.16,,
d9,d9,91.16,,
d9,d9,91.16,,
d9,d9,91.16,,
d9,d9,91.16,,
d9,d9,91.16,,
d9,d9,91.16,,
d9,d9,91.16,,
d9,d9,91.16,,
d9,d9,91.16,,
d9,d9,91.16,,
d9,d9,91.16,,
d9,d9,91.16,,
d9,d9,91.16,,
d9,d9,91.16,,
o9,d9,91.16,,
o9,d9,91.16,,
o9,d9,91.16,,
o9,d9,91.16,,
o9,d9,91.16,,
o9,d9,91.16,,
o9,d9,91.16,,
o9,d9,91.16,,
o9,d9,91.16,,
o9,d9,91.16,,
o9,d9,91.16,,
o9,d9,91.16,,
o9,d9,91.16,,
o9,d9,91.16,,
m9,d9,91.16,,
m9,d9,91.16,,
m9,d9,91.16,,
m9,d9,91.16,,
m9,d9,91.16,,
m9,d9,91.16,,
m9,d9,91.16,,
m9,d9,91.16,,
m9,d9,91.16,,
m9,d9,91.16,,
m9,d9,91.16,,
m9,d9,91.16,,
m9,d9,91.16,,
m9,d9,91.16,,
m9,d9,91.16,,
m9,d9,91.16,,
m9,d9,91.16,,
m9,d9,91.16,,
m9,d9,91.16,,
m9,d9,91.16,,
m9,d9,91.16,,
m9,d9,91.16,,
m9,d9,91.16,,
m9,d9,91.16,,
m9,d9,91.16,,
m9,d9,91.16,,
d9,d9,92.19,,
d9,d9,92.19,,
d9,d9,92.19,,
d9,d9,92.19,,
d9,d9,92.19,,
d9,d9,92.19,,
d9,d9,92.19,,
d9,d9,92.19,,
d9,d9,92.19,,
d9,d9,92.19,,
d9,d9,92.19,,
d9,d9,92.19,,
d9,d9,92.19,,
d9,d9,92.19,,
d9,d9,92.19,,
d9,d9,92.19,,
d9,d9,92.19,,
d9,d9,92.19,,
d9,d9,92.19,,
d9,d9,92.19,,
d9,d9,92.19,,
d9,d9,92.19,,
d9,d9,92.19,,
d9,d9,92.19,,
d9,d9,92.19,,
d9,d9,92.19,,
d9,d9,92.19,,
d9,d9,92.19,,
d9,d9,92.19,,
d9,d9,92.19,,
d9,d9,92.19,,
d9,d9,92.19,,
d9,d9,92.19,,
d9,d9,92.19,,
o9,d9,92.19,,
o9,d9,92.19,,
o9,d9,92.19,,
o9,d9,92.19,,
o9,d9,92.19,,
o9,d9,92.19,,
o9,d9,92.19,,
o9,d9,92.19,,
o9,d9,92.19,,
o9,d9,92.19,,
o9,d9,92.19,,
o9,d9,92.19,,
o9,d9,92.19,,
o9,d9,92.19,,
o9,d9,92.19,,
o9,d9,92.19,,
o9,d9,92.19,,
o9,d9,92.19,,
o9,d9,92.19,,
o9,d9,92.19,,
o9,d9,92.19,,
o9,d9,92.19,,
o9,d9,92.19,,
o9,d9,92.19,,
o9,d9,92.19,,
o9,d9,92.19,,
o9,d9,92.19,,
o9,d9,92.19,,
o9,d9,92.19,,
o9,d9,92.19,,
o9,d9,92.19,,
o9,d9,92.19,,
o9,d9,92.19,,
o9,d9,92.19,,
o9,d9,92.19,,
o9,d9,92.19,,
o9,d9,92.19,,
m9,d9,92.19,,
m9,d9,92.19,,
m9,d9,92.19,,
m9,d9,92.19,,
m9,d9,92.19,,
m9,d9,92.19,,
m9,d9,92.19,,
m9,d9,92.19,,
m9,d9,92.19,,
m9,d9,92.19,,
m9,d9,92.19,,
m9,d9,92.19,,
m9,d9,92.19,,
m9,d9,92.19,,
m9,d9,92.19,,
m9,d9,92.19,,
m9,d9,92.19,,
m9,d9,92.19,,
m9,d9,92.19,,
m9,d9,92.19,,
m9,d9,92.19,,
m9,d9,92.19,,
m9,d9,92.19,,
m9,d9,92.19,,
m9,d9,92.19,,
m9,d9,92.19,,
m9,d9,92.19,,
m9,d9,92.19,,
m9,d9,92.19,,
m9,d9,92.19,,
m9,d9,92.19,,
m9,d9,92.19,,
m9,d9,92.19,,
m9,d9,92.19,,
m9,d9,92.19,,
m9,d9,92.19,,
m9,d9,92.19,,
m9,d9,92.19,,
m9,d9,92.19,,
m9,d9,92.19,,
m9,d9,92.19,,
m9,d9,92.19,,
m9,d9,92.19,,
m9,d9,92.19,,
m9,d9,92.19,,
m9,d9,92.19,,
m9,d9,92.19,,
m9,d9,92.19,,
m9,d9,92.19,,
m9,d9,92.19,,
m9,d9,92.19,,
m9,d9,92.19,,
m9,d9,92.19,,
m9,d9,92.19,,
m9,d9,92.19,,
d9,d9,98.58,,
d9,d9,98.58,,
d9,d9,98.58,,
d9,d9,98.58,,
d9,d9,98.58,,
d9,d9,98.58,,
d9,d9,98.58,,
d9,d9,98.58,,
d9,d9,98.58,,
d9,d9,98.58,,
d9,d9,98.58,,
d9,d9,98.58,,
d9,d9,98.58,,
d9,d9,98.58,,
d9,d9,98.58,,
d9,d9,98.58,,
d9,d9,98.58,,
d9,d9,98.58,,
d9,d9,98.58,,
d9,d9,98.58,,
d9,d9,98.58,,
d9,d9,98.58,,
d9,d9,98.58,,
d9,d9,98.58,,
d9,d9,98.58,,
o9,d9,98.58,,
o9,d9,98.58,,
o9,d9,98.58,,
o9,d9,98.58,,
o9,d9,98.58,,
o9,d9,98.58,,
o9,d9,98.58,,
o9,d9,98.58,,
o9,d9,98.58,,
o9,d9,98.58,,
o9,d9,98.58,,
o9,d9,98.58,,
o9,d9,98.58,,
o9,d9,98.58,,
o9,d9,98.58,,
o9,d9,98.58,,
o9,d9,98.58,,
o9,d9,98.58,,
o9,d9,98.58,,
o9,d9,98.58,,
o9,d9,98.58,,
o9,d9,98.58,,
o9,d9,98.58,,
o9,d9,98.58,,
o9,d9,98.58,,
o9,d9,98.58,,
m9,d9,98.58,,
m9,d9,98.58,,
m9,d9,98.58,,
m9,d9,98.58,,
m9,d9,98.58,,
m9,d9,98.58,,
m9,d9,98.58,,
m9,d9,98.58,,
m9,d9,98.58,,
m9,d9,98.58,,
m9,d9,98.58,,
m9,d9,98.58,,
m9,d9,98.58,,
m9,d9,98.58,,
m9,d9,98.58,,
m9,d9,98.58,,
m9,d9,98.58,,
m9,d9,98.58,,
m9,d9,98.58,,
m9,d9,98.58,,
m9,d9,98.58,,
m9,d9,98.58,,
m9,d9,98.58,,
m9,d9,98.58,,
m9,d9,98.58,,
m9,d9,98.58,,
m9,d9,98.58,,
m9,d9,98.58,,
m9,d9,98.58,,
m9,d9,98.58,,
m9,d9,98.58,,
m9,d9,98.58,,
m9,d9,98.58,,
m9,d9,98.58,,
m9,d9,98.58,,
m9,d9,98.58,,
m9,d9,98.58,,
m9,d9,98.58,,
m9,d9,98.58,,
m9,d9,98.58,,
m9,d9,98.58,,
m9,d9,98.58,,
d9,d9,95.59,,
d9,d9,95.59,,
d9,d9,95.59,,
d9,d9,95.59,,
d9,d9,95.59,,
d9,d9,95.59,,
d9,d9,95.59,,
d9,d9,95.59,,
d9,d9,95.59,,
d9,d9,95.59,,
d9,d9,95.59,,
d9,d9,95.59,,
d9,d9,95.59,,
d9,d9,95.59,,
d9,d9,95.59,,
d9,d9,95.59,,
d9,d9,95.59,,
d9,d9,95.59,,
d9,d9,95.59,,
d9,d9,95.59,,
d9,d9,95.59,,
d9,d9,95.59,,
d9,d9,95.59,,
d9,d9,95.59,,
d9,d9,95.59,,
d9,d9,95.59,,
d9,d9,95.59,,
d9,d9,95.59,,
d9,d9,95.59,,
d9,d9,95.59,,
d9,d9,95.59,,
d9,d9,95.59,,
d9,d9,95.59,,
d9,d9,95.59,,
d9,d9,95.59,,
d9,d9,95.59,,
d9,d9,95.59,,
d9,d9,95.59,,
d9,d9,95.59,,
d9,d9,95.59,,
d9,d9,95.59,,
d9,d9,95.59,,
o9,d9,95.59,,
o9,d9,95.59,,
o9,d9,95.59,,
o9,d9,95.59,,
o9,d9,95.59,,
o9,d9,95.59,,
o9,d9,95.59,,
o9,d9,95.59,,
o9,d9,95.59,,
o9,d9,95.59,,
o9,d9,95.59,,
o9,d9,95.59,,
o9,d9,95.59,,
o9,d9,95.59,,
o9,d9,95.59,,
o9,d9,95.59,,
o9,d9,95.59,,
o9,d9,95.59,,
o9,d9,95.59,,
o9,d9,95.59,,
o9,d9,95.59,,
o9,d9,95.59,,
o9,d9,95.59,,
o9,d9,95.59,,
o9,d9,95.59,,
o9,d9,95.59,,
o9,d9,95.59,,
o9,d9,95.59,,
o9,d9,95.59,,
o9,d9,95.59,,
o9,d9,95.59,,
o9,d9,95.59,,
o9,d9,95.59,,
o9,d9,95.59,,
o9,d9,95.59,,
m9,d9,95.59,,
m9,d9,95.59,,
m9,d9,95.59,,
m9,d9,95.59,,
m9,d9,95.59,,
m9,d9,95.59,,
m9,d9,95.59,,
m9,d9,95.59,,
m9,d9,95.59,,
m9,d9,95.59,,
m9,d9,95.59,,
m9,d9,95.59,,
m9,d9,95.59,,
m9,d9,95.59,,
m9,d9,95.59,,
m9,d9,95.59,,
m9,d9,95.59,,
m9,d9,95.59,,
m9,d9,95.59,,
m9,d9,95.59,,
m9,d9,95.59,,
m9,d9,95.59,,
m9,d9,95.59,,
m9,d9,95.59,,
m9,d9,95.59,,
m9,d9,95.59,,
m9,d9,95.59,,
m9,d9,95.59,,
m9,d9,95.59,,
m9,d9,95.59,,
m9,d9,95.59,,
m9,d9,95.59,,
m9,d9,95.59,,
m9,d9,95.59,,
m9,d9,95.59,,
m9,d9,95.59,,
m9,d9,95.59,,
m9,d9,95.59,,
m9,d9,95.59,,
m9,d9,95.59,,
m9,d9,95.59,,
m9,d9,95.59,,
m9,d9,95.59,,
m9,d9,95.59,,
m9,d9,95.59,,
m9,d9,95.59,,
m9,d9,95.59,,
m9,d9,95.59,,
m9,d9,95.59,,
m9,d9,95.59,,
m9,d9,95.59,,
m9,d9,95.59,,
m9,d9,95.59,,
m9,d9,95.59,,
m9,d9,95.59,,
m9,d9,95.59,,
m9,d9,95.59,,
m9,d9,95.59,,
m9,d9,95.59,,
m9,d9,95.59,,
m9,d9,95.59,,
m9,d9,95.59,,
m9,d9,95.59,,
m9,d9,95.59,,
m9,d9,95.59,,
m9,d9,95.59,,
m9,d9,95.59,,
m9,d9,95.59,,
m9,d9,95.59,,
m9,d9,95.59,,
m9,d9,95.59,,
m9,d9,95.59,,
m9,d9,95.59,,
m9,d9,95.59,,
m9,d9,95.59,,
m9,d9,95.59,,
m9,d9,95.59,,
m9,d9,95.59,,
m9,d9,95.59,,
m9,d9,95.59,,
m9,d9,95.59,,
d9,d9,97.18,,
d9,d9,97.18,,
d9,d9,97.18,,
d9,d9,97.18,,
d9,d9,97.18,,
d9,d9,97.18,,
d9,d9,97.18,,
d9,d9,97.18,,
d9,d9,97.18,,
d9,d9,97.18,,
d9,d9,97.18,,
d9,d9,97.18,,
d9,d9,97.18,,
d9,d9,97.18,,
d9,d9,97.18,,
d9,d9,97.18,,
d9,d9,97.18,,
d9,d9,97.18,,
d9,d9,97.18,,
d9,d9,97.18,,
d9,d9,97.18,,
o9,d9,97.18,,
o9,d9,97.18,,
o9,d9,97.18,,
o9,d9,97.18,,
o9,d9,97.18,,
o9,d9,97.18,,
o9,d9,97.18,,
o9,d9,97.18,,
o9,d9,97.18,,
o9,d9,97.18,,
o9,d9,97.18,,
o9,d9,97.18,,
o9,d9,97.18,,
o9,d9,97.18,,
o9,d9,97.18,,
o9,d9,97.18,,
o9,d9,97.18,,
o9,d9,97.18,,
o9,d9,97.18,,
o9,d9,97.18,,
o9,d9,97.18,,
o9,d9,97.18,,
o9,d9,97.18,,
o9,d9,97.18,,
m9,d9,97.18,,
m9,d9,97.18,,
m9,d9,97.18,,
m9,d9,97.18,,
m9,d9,97.18,,
m9,d9,97.18,,
m9,d9,97.18,,
m9,d9,97.18,,
m9,d9,97.18,,
m9,d9,97.18,,
m9,d9,97.18,,
m9,d9,97.18,,
m9,d9,97.18,,
m9,d9,97.18,,
m9,d9,97.18,,
m9,d9,97.18,,
m9,d9,97.18,,
m9,d9,97.18,,
m9,d9,97.18,,
m9,d9,97.18,,
m9,d9,97.18,,
m9,d9,97.18,,
m9,d9,97.18,,
m9,d9,97.18,,
m9,d9,97.18,,
m9,d9,97.18,,
m9,d9,97.18,,
m9,d9,97.18,,
m9,d9,97.18,,
m9,d9,97.18,,
m9,d9,97.18,,
m9,d9,97.18,,
m9,d9,97.18,,
m9,d9,97.18,,
m9,d9,97.18,,
d14,d9,97.18,,
d14,d9,97.18,,
o14,d9,97.18,,
o12,d9,97.18,,
d12,d9,97.18,,
d9,d9,95.94,,
d9,d9,95.94,,
d9,d9,95.94,,
d9,d9,95.94,,
d9,d9,95.94,,
d9,d9,95.94,,
d9,d9,95.94,,
d9,d9,95.94,,
d9,d9,95.94,,
d9,d9,95.94,,
d9,d9,95.94,,
d9,d9,95.94,,
d9,d9,95.94,,
d9,d9,95.94,,
d9,d9,95.94,,
d9,d9,95.94,,
d9,d9,95.94,,
d9,d9,95.94,,
d9,d9,95.94,,
d9,d9,95.94,,
d9,d9,95.94,,
d9,d9,95.94,,
d9,d9,95.94,,
d9,d9,95.94,,
o9,d9,95.94,,
o9,d9,95.94,,
o9,d9,95.94,,
o9,d9,95.94,,
o9,d9,95.94,,
o9,d9,95.94,,
o9,d9,95.94,,
o9,d9,95.94,,
o9,d9,95.94,,
o9,d9,95.94,,
o9,d9,95.94,,
o9,d9,95.94,,
o9,d9,95.94,,
o9,d9,95.94,,
o9,d9,95.94,,
o9,d9,95.94,,
o9,d9,95.94,,
o9,d9,95.94,,
o9,d9,95.94,,
o9,d9,95.94,,
o9,d9,95.94,,
o9,d9,95.94,,
o9,d9,95.94,,
o9,d9,95.94,,
o9,d9,95.94,,
o9,d9,95.94,,
o9,d9,95.94,,
o9,d9,95.94,,
o9,d9,95.94,,
o9,d9,95.94,,
o9,d9,95.94,,
o9,d9,95.94,,
o9,d9,95.94,,
o9,d9,95.94,,
o9,d9,95.94,,
o9,d9,95.94,,
o9,d9,95.94,,
o9,d9,95.94,,
o9,d9,95.94,,
o9,d9,95.94,,
o9,d9,95.94,,
o9,d9,95.94,,
m9,d9,95.94,,
m9,d9,95.94,,
m9,d9,95.94,,
m9,d9,95.94,,
m9,d9,95.94,,
m9,d9,95.94,,
m9,d9,95.94,,
m9,d9,95.94,,
m9,d9,95.94,,
m9,d9,95.94,,
m9,d9,95.94,,
m9,d9,95.94,,
m9,d9,95.94,,
m9,d9,95.94,,
m9,d9,95.94,,
m9,d9,95.94,,
m9,d9,95.94,,
m9,d9,95.94,,
m9,d9,95.94,,
m9,d9,95.94,,
m9,d9,95.94,,
m9,d9,95.94,,
m9,d9,95.94,,
m9,d9,95.94,,
m9,d9,95.94,,
m9,d9,95.94,,
m9,d9,95.94,,
m9,d9,95.94,,
m9,d9,95.94,,
m9,d9,95.94,,
m9,d9,95.94,,
m9,d9,95.94,,
m9,d9,95.94,,
m9,d9,95.94,,
m9,d9,95.94,,
m9,d9,95.94,,
m9,d9,95.94,,
m9,d9,95.94,,
d9,d9,94.42,,
d9,d9,94.42,,
d9,d9,94.42,,
d9,d9,94.42,,
d9,d9,94.42,,
d9,d9,94.42,,
d9,d9,94.42,,
d9,d9,94.42,,
d9,d9,94.42,,
d9,d9,94.42,,
d9,d9,94.42,,
d9,d9,94.42,,
d9,d9,94.42,,
d9,d9,94.42,,
o9,d9,94.42,,
o9,d9,94.42,,
o9,d9,94.42,,
o9,d9,94.42,,
o9,d9,94.42,,
o9,d9,94.42,,
o9,d9,94.42,,
o9,d9,94.42,,
o9,d9,94.42,,
o9,d9,94.42,,
o9,d9,94.42,,
o9,d9,94.42,,
o9,d9,94.42,,
o9,d9,94.42,,
o9,d9,94.42,,
o9,d9,94.42,,
o9,d9,94.42,,
o9,d9,94.42,,
o9,d9,94.42,,
o9,d9,94.42,,
o9,d9,94.42,,
o9,d9,94.42,,
o9,d9,94.42,,
o9,d9,94.42,,
m9,d9,94.42,,
m9,d9,94.42,,
m9,d9,94.42,,
m9,d9,94.42,,
m9,d9,94.42,,
m9,d9,94.42,,
m9,d9,94.42,,
m9,d9,94.42,,
m9,d9,94.42,,
m9,d9,94.42,,
m9,d9,94.42,,
m9,d9,94.42,,
m9,d9,94.42,,
m9,d9,94.42,,
m9,d9,94.42,,
m9,d9,94.42,,
m9,d9,94.42,,
m9,d9,94.42,,
m9,d9,94.42,,
m9,d9,94.42,,
m9,d9,94.42,,
m9,d9,94.42,,
m9,d9,94.42,,
d9,d9,95.73,,
d9,d9,95.73,,
d9,d9,95.73,,
d9,d9,95.73,,
d9,d9,95.73,,
d9,d9,95.73,,
d9,d9,95.73,,
d9,d9,95.73,,
d9,d9,95.73,,
d9,d9,95.73,,
d9,d9,95.73,,
d9,d9,95.73,,
d9,d9,95.73,,
d9,d9,95.73,,
d9,d9,95.73,,
o9,d9,95.73,,
m9,d9,95.73,,
m9,d9,95.73,,
m9,d9,95.73,,
m9,d9,95.73,,
m9,d9,95.73,,
m9,d9,95.73,,
m9,d9,95.73,,
m9,d9,95.73,,
m9,d9,95.73,,
m9,d9,95.73,,
m9,d9,95.73,,
m9,d9,95.73,,
m9,d9,95.73,,
m9,d9,95.73,,
m9,d9,95.73,,
m9,d9,95.73,,
m9,d9,95.73,,
m9,d9,95.73,,
m9,d9,95.73,,
m9,d9,95.73,,
m9,d9,95.73,,
m9,d9,95.73,,
m9,d9,95.73,,
m9,d9,95.73,,
m9,d9,95.73,,
m9,d9,95.73,,
m9,d9,95.73,,
m9,d9,95.73,,
m9,d9,95.73,,
m9,d9,95.73,,
m9,d9,95.73,,
m9,d9,95.73,,
m9,d9,95.73,,
m9,d9,95.73,,
m9,d9,95.73,,
m9,d9,95.73,,
m9,d9,95.73,,
m9,d9,95.73,,
m9,d9,95.73,,
m9,d9,95.73,,
m9,d9,95.73,,
m9,d9,95.73,,
m9,d9,95.73,,
m9,d9,95.73,,
m9,d9,95.73,,
m9,d9,95.73,,
m9,d9,95.73,,
m9,d9,95.73,,
d14,d9,95.73,,
o12,d9,95.73,,
d12,d9,95.73,,
d14,d9,95.73,,
d14,d9,95.73,,
d9,d9,97.27,,
d9,d9,97.27,,
d9,d9,97.27,,
d9,d9,97.27,,
d9,d9,97.27,,
d9,d9,97.27,,
d9,d9,97.27,,
o9,d9,97.27,,
o9,d9,97.27,,
o9,d9,97.27,,
o9,d9,97.27,,
o9,d9,97.27,,
o9,d9,97.27,,
o9,d9,97.27,,
o9,d9,97.27,,
o9,d9,97.27,,
o9,d9,97.27,,
o9,d9,97.27,,
o9,d9,97.27,,
o9,d9,97.27,,
o9,d9,97.27,,
o9,d9,97.27,,
o9,d9,97.27,,
o9,d9,97.27,,
o9,d9,97.27,,
o9,d9,97.27,,
o9,d9,97.27,,
o9,d9,97.27,,
o9,d9,97.27,,
o9,d9,97.27,,
o9,d9,97.27,,
o9,d9,97.27,,
o9,d9,97.27,,
o9,d9,97.27,,
o9,d9,97.27,,
o9,d9,97.27,,
o9,d9,97.27,,
o9,d9,97.27,,
o9,d9,97.27,,
o9,d9,97.27,,
o9,d9,97.27,,
o9,d9,97.27,,
o9,d9,97.27,,
o9,d9,97.27,,
o9,d9,97.27,,
m9,d9,97.27,,
m9,d9,97.27,,
m9,d9,97.27,,
m9,d9,97.27,,
m9,d9,97.27,,
m9,d9,97.27,,
m9,d9,97.27,,
m9,d9,97.27,,
m9,d9,97.27,,
m9,d9,97.27,,
m9,d9,97.27,,
m9,d9,97.27,,
m9,d9,97.27,,
m9,d9,97.27,,
m9,d9,97.27,,
d12,d9,97.27,,
d14,d9,97.27,,
o14,d9,97.27,,
d12,d9,97.27,,
d9,d9,90.41,,
d9,d9,90.41,,
d9,d9,90.41,,
d9,d9,90.41,,
d9,d9,90.41,,
d9,d9,90.41,,
d9,d9,90.41,,
d9,d9,90.41,,
d9,d9,90.41,,
d9,d9,90.41,,
o9,d9,90.41,,
o9,d9,90.41,,
o9,d9,90.41,,
o9,d9,90.41,,
o9,d9,90.41,,
o9,d9,90.41,,
o9,d9,90.41,,
o9,d9,90.41,,
o9,d9,90.41,,
o9,d9,90.41,,
o9,d9,90.41,,
o9,d9,90.41,,
o9,d9,90.41,,
o9,d9,90.41,,
o9,d9,90.41,,
o9,d9,90.41,,
o9,d9,90.41,,
o9,d9,90.41,,
o9,d9,90.41,,
o9,d9,90.41,,
o9,d9,90.41,,
o9,d9,90.41,,
o9,d9,90.41,,
o9,d9,90.41,,
o9,d9,90.41,,
m9,d9,90.41,,
m9,d9,90.41,,
m9,d9,90.41,,
m9,d9,90.41,,
m9,d9,90.41,,
m9,d9,90.41,,
m9,d9,90.41,,
m9,d9,90.41,,
m9,d9,90.41,,
m9,d9,90.41,,
m9,d9,90.41,,
m9,d9,90.41,,
m9,d9,90.41,,
m9,d9,90.41,,
m9,d9,90.41,,
m9,d9,90.41,,
m9,d9,90.41,,
m9,d9,90.41,,
m9,d9,90.41,,
m9,d9,90.41,,
m9,d9,90.41,,
m9,d9,90.41,,
m9,d9,90.41,,
m9,d9,90.41,,
m9,d9,90.41,,
m9,d9,90.41,,
m9,d9,90.41,,
m9,d9,90.41,,
m9,d9,90.41,,
m9,d9,90.41,,
m9,d9,90.41,,
m9,d9,90.41,,
m9,d9,90.41,,
m9,d9,90.41,,
m9,d9,90.41,,
m9,d9,90.41,,
m9,d9,90.41,,
m9,d9,90.41,,
m9,d9,90.41,,
m9,d9,90.41,,
m9,d9,90.41,,
m9,d9,90.41,,
m9,d9,90.41,,
m9,d9,90.41,,
m9,d9,90.41,,
m9,d9,90.41,,
m9,d9,90.41,,
m9,d9,90.41,,
m9,d9,90.41,,
m9,d9,90.41,,
m9,d9,90.41,,
m9,d9,90.41,,
m9,d9,90.41,,
m9,d9,90.41,,
m9,d9,90.41,,
m9,d9,90.41,,
m9,d9,90.41,,
m9,d9,90.41,,
m9,d9,90.41,,
m9,d9,90.41,,
m9,d9,90.41,,
m9,d9,90.41,,
m9,d9,90.41,,
m9,d9,90.41,,
m9,d9,90.41,,
d14,d9,90.41,,
o14,d9,90.41,,
o14,d9,90.41,,
d14,d9,90.41,,
o14,d9,90.41,,
d12,d9,90.41,,
o12,d9,90.41,,
d12,d9,90.41,,
o14,d9,90.41,,
o14,d9,90.41,,
o9,d9,82.78,,
o9,d9,82.78,,
o9,d9,82.78,,
o9,d9,82.78,,
o9,d9,82.78,,
o9,d9,82.78,,
o9,d9,82.78,,
o9,d9,82.78,,
o9,d9,82.78,,
o9,d9,82.78,,
m9,d9,82.78,,
m9,d9,82.78,,
m9,d9,82.78,,
m9,d9,82.78,,
m9,d9,82.78,,
m9,d9,82.78,,
m9,d9,82.78,,
m9,d9,82.78,,
m9,d9,82.78,,
m9,d9,82.78,,
m9,d9,82.78,,
m9,d9,82.78,,
m9,d9,82.78,,
m9,d9,82.78,,
m9,d9,82.78,,
m9,d9,82.78,,
m9,d9,82.78,,
m9,d9,82.78,,
m9,d9,82.78,,
m9,d9,82.78,,
m9,d9,82.78,,
m9,d9,82.78,,
m9,d9,82.78,,
m9,d9,82.78,,
m9,d9,82.78,,
m9,d9,82.78,,
m9,d9,82.78,,
m9,d9,82.78,,
m9,d9,82.78,,
m9,d9,82.78,,
m9,d9,82.78,,
m9,d9,82.78,,
m9,d9,82.78,,
m9,d9,82.78,,
m9,d9,82.78,,
m9,d9,82.78,,
m9,d9,82.78,,
m9,d9,82.78,,
m9,d9,82.78,,
m9,d9,82.78,,
m9,d9,82.78,,
m9,d9,82.78,,
m9,d9,82.78,,
m9,d9,82.78,,
m9,d9,82.78,,
